rRNA_name,position,total_coverage
12S-rRNA,1,323411
12S-rRNA,2,323411
12S-rRNA,3,323411
12S-rRNA,4,323411
12S-rRNA,5,323411
12S-rRNA,6,323411
12S-rRNA,7,323411
12S-rRNA,8,323411
12S-rRNA,9,323411
12S-rRNA,10,323411
12S-rRNA,11,323411
12S-rRNA,12,323411
12S-rRNA,13,323411
12S-rRNA,14,323411
12S-rRNA,15,323411
12S-rRNA,16,322721
12S-rRNA,17,321881
12S-rRNA,18,321149
12S-rRNA,19,320195
12S-rRNA,20,319816
12S-rRNA,21,318084
12S-rRNA,22,317721
12S-rRNA,23,317474
12S-rRNA,24,317103
12S-rRNA,25,316879
12S-rRNA,26,316629
12S-rRNA,27,316200
12S-rRNA,28,315258
12S-rRNA,29,314707
12S-rRNA,30,314467
12S-rRNA,31,314034
12S-rRNA,32,313444
12S-rRNA,33,313089
12S-rRNA,34,311224
12S-rRNA,35,310697
12S-rRNA,36,309479
12S-rRNA,37,307690
12S-rRNA,38,299754
12S-rRNA,39,271102
12S-rRNA,40,265257
12S-rRNA,41,238665
12S-rRNA,42,233345
12S-rRNA,43,216078
12S-rRNA,44,199298
12S-rRNA,45,195315
12S-rRNA,46,192206
12S-rRNA,47,186879
12S-rRNA,48,181292
12S-rRNA,49,169776
12S-rRNA,50,161376
12S-rRNA,51,132255
12S-rRNA,52,124322
12S-rRNA,53,107712
12S-rRNA,54,95636
12S-rRNA,55,89291
12S-rRNA,56,76035
12S-rRNA,57,66256
12S-rRNA,58,60396
12S-rRNA,59,57406
12S-rRNA,60,55149
12S-rRNA,61,53642
12S-rRNA,62,51271
12S-rRNA,63,50671
12S-rRNA,64,49875
12S-rRNA,65,49906
12S-rRNA,66,51593
12S-rRNA,67,52103
12S-rRNA,68,53200
12S-rRNA,69,55549
12S-rRNA,70,56977
12S-rRNA,71,57373
12S-rRNA,72,53430
12S-rRNA,73,42956
12S-rRNA,74,38400
12S-rRNA,75,37615
12S-rRNA,76,38707
12S-rRNA,77,40570
12S-rRNA,78,43736
12S-rRNA,79,47018
12S-rRNA,80,49900
12S-rRNA,81,50679
12S-rRNA,82,52767
12S-rRNA,83,56956
12S-rRNA,84,62424
12S-rRNA,85,66179
12S-rRNA,86,65283
12S-rRNA,87,64208
12S-rRNA,88,63714
12S-rRNA,89,63418
12S-rRNA,90,63320
12S-rRNA,91,63165
12S-rRNA,92,62870
12S-rRNA,93,61663
12S-rRNA,94,58609
12S-rRNA,95,56386
12S-rRNA,96,55335
12S-rRNA,97,54992
12S-rRNA,98,54735
12S-rRNA,99,53878
12S-rRNA,100,52892
12S-rRNA,101,52570
12S-rRNA,102,52524
12S-rRNA,103,52459
12S-rRNA,104,52314
12S-rRNA,105,52102
12S-rRNA,106,51817
12S-rRNA,107,51298
12S-rRNA,108,50992
12S-rRNA,109,50286
12S-rRNA,110,49662
12S-rRNA,111,48642
12S-rRNA,112,47633
12S-rRNA,113,45518
12S-rRNA,114,42572
12S-rRNA,115,40964
12S-rRNA,116,40648
12S-rRNA,117,39611
12S-rRNA,118,37311
12S-rRNA,119,34246
12S-rRNA,120,28427
12S-rRNA,121,22074
12S-rRNA,122,15325
12S-rRNA,123,11158
12S-rRNA,124,9800
12S-rRNA,125,9158
12S-rRNA,126,8588
12S-rRNA,127,8397
12S-rRNA,128,8289
12S-rRNA,129,8214
12S-rRNA,130,8043
12S-rRNA,131,7979
12S-rRNA,132,7654
12S-rRNA,133,6971
12S-rRNA,134,6295
12S-rRNA,135,5555
12S-rRNA,136,4645
12S-rRNA,137,4600
12S-rRNA,138,4502
12S-rRNA,139,4421
12S-rRNA,140,4369
12S-rRNA,141,4305
12S-rRNA,142,4105
12S-rRNA,143,4018
12S-rRNA,144,3808
12S-rRNA,145,3663
12S-rRNA,146,3522
12S-rRNA,147,3362
12S-rRNA,148,3299
12S-rRNA,149,3211
12S-rRNA,150,3098
12S-rRNA,151,2605
12S-rRNA,152,1636
12S-rRNA,153,1386
12S-rRNA,154,1305
12S-rRNA,155,1264
12S-rRNA,156,1152
12S-rRNA,157,1008
12S-rRNA,158,820
12S-rRNA,159,702
12S-rRNA,160,639
12S-rRNA,161,616
12S-rRNA,162,592
12S-rRNA,163,580
12S-rRNA,164,556
12S-rRNA,165,477
12S-rRNA,166,395
12S-rRNA,167,303
12S-rRNA,168,298
12S-rRNA,169,329
12S-rRNA,170,306
12S-rRNA,171,372
12S-rRNA,172,393
12S-rRNA,173,362
12S-rRNA,174,350
12S-rRNA,175,293
12S-rRNA,176,274
12S-rRNA,177,234
12S-rRNA,178,226
12S-rRNA,179,226
12S-rRNA,180,226
12S-rRNA,181,221
12S-rRNA,182,221
12S-rRNA,183,221
12S-rRNA,184,221
12S-rRNA,185,213
12S-rRNA,186,192
12S-rRNA,187,188
12S-rRNA,188,173
12S-rRNA,189,158
12S-rRNA,190,156
12S-rRNA,191,152
12S-rRNA,192,150
12S-rRNA,193,679
12S-rRNA,194,3478
12S-rRNA,195,7326
12S-rRNA,196,8578
12S-rRNA,197,9204
12S-rRNA,198,10749
12S-rRNA,199,13057
12S-rRNA,200,15734
12S-rRNA,201,22236
12S-rRNA,202,34540
12S-rRNA,203,50179
12S-rRNA,204,76154
12S-rRNA,205,80338
12S-rRNA,206,85087
12S-rRNA,207,92567
12S-rRNA,208,105353
12S-rRNA,209,114274
12S-rRNA,210,117749
12S-rRNA,211,123844
12S-rRNA,212,126491
12S-rRNA,213,126638
12S-rRNA,214,126546
12S-rRNA,215,126507
12S-rRNA,216,126377
12S-rRNA,217,125808
12S-rRNA,218,124869
12S-rRNA,219,124014
12S-rRNA,220,123193
12S-rRNA,221,122428
12S-rRNA,222,121444
12S-rRNA,223,119159
12S-rRNA,224,116909
12S-rRNA,225,112183
12S-rRNA,226,107597
12S-rRNA,227,104327
12S-rRNA,228,101496
12S-rRNA,229,96937
12S-rRNA,230,91354
12S-rRNA,231,85116
12S-rRNA,232,81405
12S-rRNA,233,79942
12S-rRNA,234,79104
12S-rRNA,235,78571
12S-rRNA,236,78341
12S-rRNA,237,77771
12S-rRNA,238,76038
12S-rRNA,239,73700
12S-rRNA,240,72451
12S-rRNA,241,71946
12S-rRNA,242,71031
12S-rRNA,243,69674
12S-rRNA,244,68266
12S-rRNA,245,67591
12S-rRNA,246,66217
12S-rRNA,247,64132
12S-rRNA,248,61872
12S-rRNA,249,59236
12S-rRNA,250,56357
12S-rRNA,251,55495
12S-rRNA,252,54492
12S-rRNA,253,52974
12S-rRNA,254,49463
12S-rRNA,255,40943
12S-rRNA,256,29394
12S-rRNA,257,19693
12S-rRNA,258,17922
12S-rRNA,259,16086
12S-rRNA,260,12698
12S-rRNA,261,11730
12S-rRNA,262,10779
12S-rRNA,263,10290
12S-rRNA,264,10229
12S-rRNA,265,10102
12S-rRNA,266,9461
12S-rRNA,267,7128
12S-rRNA,268,3704
12S-rRNA,269,2594
12S-rRNA,270,1951
12S-rRNA,271,1697
12S-rRNA,272,1299
12S-rRNA,273,811
12S-rRNA,274,733
12S-rRNA,275,688
12S-rRNA,276,627
12S-rRNA,277,588
12S-rRNA,278,575
12S-rRNA,279,575
12S-rRNA,280,560
12S-rRNA,281,552
12S-rRNA,282,543
12S-rRNA,283,541
12S-rRNA,284,528
12S-rRNA,285,492
12S-rRNA,286,419
12S-rRNA,287,377
12S-rRNA,288,355
12S-rRNA,289,318
12S-rRNA,290,304
12S-rRNA,291,291
12S-rRNA,292,284
12S-rRNA,293,275
12S-rRNA,294,275
12S-rRNA,295,266
12S-rRNA,296,255
12S-rRNA,297,226
12S-rRNA,298,186
12S-rRNA,299,104
12S-rRNA,300,78
12S-rRNA,301,59
12S-rRNA,302,41
12S-rRNA,303,43
12S-rRNA,304,39
12S-rRNA,305,39
12S-rRNA,306,39
12S-rRNA,307,35
12S-rRNA,308,33
12S-rRNA,309,31
12S-rRNA,310,35
12S-rRNA,311,35
12S-rRNA,312,35
12S-rRNA,313,33
12S-rRNA,314,33
12S-rRNA,315,33
12S-rRNA,316,33
12S-rRNA,317,31
12S-rRNA,318,31
12S-rRNA,319,31
12S-rRNA,320,28
12S-rRNA,321,25
12S-rRNA,322,20
12S-rRNA,323,20
12S-rRNA,324,20
12S-rRNA,325,20
12S-rRNA,326,20
12S-rRNA,327,20
12S-rRNA,328,20
12S-rRNA,329,20
12S-rRNA,330,20
12S-rRNA,331,12
12S-rRNA,332,10
12S-rRNA,333,4
12S-rRNA,334,4
12S-rRNA,335,4
12S-rRNA,336,4
12S-rRNA,337,4
12S-rRNA,338,4
12S-rRNA,339,4
12S-rRNA,340,4
12S-rRNA,341,4
12S-rRNA,342,4
12S-rRNA,343,2
12S-rRNA,344,2
12S-rRNA,345,2
12S-rRNA,346,2
12S-rRNA,347,2
12S-rRNA,348,2
12S-rRNA,349,2
12S-rRNA,350,2
12S-rRNA,351,4
12S-rRNA,352,4
12S-rRNA,353,4
12S-rRNA,354,4
12S-rRNA,355,4
12S-rRNA,356,2
12S-rRNA,357,2
12S-rRNA,358,2
12S-rRNA,359,2
12S-rRNA,360,6
12S-rRNA,361,6
12S-rRNA,362,6
12S-rRNA,363,6
12S-rRNA,364,6
12S-rRNA,365,6
12S-rRNA,366,6
12S-rRNA,367,6
12S-rRNA,368,6
12S-rRNA,369,6
12S-rRNA,370,8
12S-rRNA,371,11
12S-rRNA,372,11
12S-rRNA,373,11
12S-rRNA,374,11
12S-rRNA,375,11
12S-rRNA,376,11
12S-rRNA,377,11
12S-rRNA,378,11
12S-rRNA,379,11
12S-rRNA,380,11
12S-rRNA,381,11
12S-rRNA,382,11
12S-rRNA,383,9
12S-rRNA,384,9
12S-rRNA,385,9
12S-rRNA,386,9
12S-rRNA,387,9
12S-rRNA,388,9
12S-rRNA,389,9
12S-rRNA,390,9
12S-rRNA,391,7
12S-rRNA,392,7
12S-rRNA,393,7
12S-rRNA,394,7
12S-rRNA,395,7
12S-rRNA,396,7
12S-rRNA,397,7
12S-rRNA,398,7
12S-rRNA,399,7
12S-rRNA,400,7
12S-rRNA,401,7
12S-rRNA,402,5
12S-rRNA,403,5
12S-rRNA,404,5
12S-rRNA,405,5
12S-rRNA,406,2
12S-rRNA,407,2
12S-rRNA,408,2
12S-rRNA,409,2
12S-rRNA,410,2
12S-rRNA,411,2
12S-rRNA,412,2
12S-rRNA,413,2
12S-rRNA,414,2
12S-rRNA,415,2
12S-rRNA,416,2
12S-rRNA,417,2
12S-rRNA,418,2
12S-rRNA,560,149
12S-rRNA,561,749
12S-rRNA,562,2339
12S-rRNA,563,4210
12S-rRNA,564,6787
12S-rRNA,565,11060
12S-rRNA,566,17018
12S-rRNA,567,23570
12S-rRNA,568,31574
12S-rRNA,569,35384
12S-rRNA,570,37659
12S-rRNA,571,39846
12S-rRNA,572,42530
12S-rRNA,573,46690
12S-rRNA,574,49112
12S-rRNA,575,51554
12S-rRNA,576,53544
12S-rRNA,577,55597
12S-rRNA,578,58297
12S-rRNA,579,59605
12S-rRNA,580,60761
12S-rRNA,581,61427
12S-rRNA,582,61288
12S-rRNA,583,61132
12S-rRNA,584,61009
12S-rRNA,585,60640
12S-rRNA,586,59919
12S-rRNA,587,59105
12S-rRNA,588,58678
12S-rRNA,589,58375
12S-rRNA,590,57697
12S-rRNA,591,56140
12S-rRNA,592,54344
12S-rRNA,593,53030
12S-rRNA,594,52030
12S-rRNA,595,51551
12S-rRNA,596,51232
12S-rRNA,597,50833
12S-rRNA,598,49825
12S-rRNA,599,47267
12S-rRNA,600,42912
12S-rRNA,601,36812
12S-rRNA,602,34091
12S-rRNA,603,32514
12S-rRNA,604,31087
12S-rRNA,605,30013
12S-rRNA,606,29605
12S-rRNA,607,28869
12S-rRNA,608,27297
12S-rRNA,609,25227
12S-rRNA,610,21219
12S-rRNA,611,17216
12S-rRNA,612,15353
12S-rRNA,613,14270
12S-rRNA,614,13806
12S-rRNA,615,13499
12S-rRNA,616,13289
12S-rRNA,617,12916
12S-rRNA,618,12174
12S-rRNA,619,11271
12S-rRNA,620,10234
12S-rRNA,621,8606
12S-rRNA,622,7128
12S-rRNA,623,6154
12S-rRNA,624,5626
12S-rRNA,625,5380
12S-rRNA,626,5204
12S-rRNA,627,5031
12S-rRNA,628,4464
12S-rRNA,629,3697
12S-rRNA,630,3505
12S-rRNA,631,3350
12S-rRNA,632,3293
12S-rRNA,633,3227
12S-rRNA,634,3097
12S-rRNA,635,2821
12S-rRNA,636,2537
12S-rRNA,637,2266
12S-rRNA,638,2035
12S-rRNA,639,1743
12S-rRNA,640,1530
12S-rRNA,641,1463
12S-rRNA,642,1441
12S-rRNA,643,1405
12S-rRNA,644,1367
12S-rRNA,645,1302
12S-rRNA,646,1183
12S-rRNA,647,951
12S-rRNA,648,721
12S-rRNA,649,645
12S-rRNA,650,593
12S-rRNA,651,564
12S-rRNA,652,513
12S-rRNA,653,494
12S-rRNA,654,485
12S-rRNA,655,456
12S-rRNA,656,430
12S-rRNA,657,411
12S-rRNA,658,372
12S-rRNA,659,331
12S-rRNA,660,285
12S-rRNA,661,245
12S-rRNA,662,216
12S-rRNA,663,201
12S-rRNA,664,199
12S-rRNA,665,181
12S-rRNA,666,140
12S-rRNA,667,115
12S-rRNA,668,92
12S-rRNA,669,63
12S-rRNA,670,33
12S-rRNA,671,15
12S-rRNA,672,13
12S-rRNA,673,13
12S-rRNA,674,13
12S-rRNA,675,13
12S-rRNA,676,11
12S-rRNA,677,11
12S-rRNA,678,8
12S-rRNA,679,8
12S-rRNA,680,8
12S-rRNA,681,8
12S-rRNA,682,8
12S-rRNA,683,8
12S-rRNA,684,8
12S-rRNA,685,12
12S-rRNA,686,12
12S-rRNA,687,14
12S-rRNA,688,14
12S-rRNA,689,14
12S-rRNA,690,14
12S-rRNA,691,14
12S-rRNA,692,14
12S-rRNA,693,14
12S-rRNA,694,12
12S-rRNA,695,12
12S-rRNA,696,12
12S-rRNA,697,10
12S-rRNA,698,8
12S-rRNA,699,6
12S-rRNA,700,6
12S-rRNA,701,6
12S-rRNA,702,6
12S-rRNA,703,2
12S-rRNA,704,5
12S-rRNA,705,33
12S-rRNA,706,37
12S-rRNA,707,37
12S-rRNA,708,37
12S-rRNA,709,37
12S-rRNA,710,37
12S-rRNA,711,37
12S-rRNA,712,37
12S-rRNA,713,37
12S-rRNA,714,37
12S-rRNA,715,37
12S-rRNA,716,37
12S-rRNA,717,37
12S-rRNA,718,37
12S-rRNA,719,37
12S-rRNA,720,35
12S-rRNA,721,29
12S-rRNA,722,14
12S-rRNA,723,11
12S-rRNA,732,6
12S-rRNA,733,78
12S-rRNA,734,471
12S-rRNA,735,13872
12S-rRNA,736,32853
12S-rRNA,737,44138
12S-rRNA,738,56121
12S-rRNA,739,64274
12S-rRNA,740,68297
12S-rRNA,741,78484
12S-rRNA,742,89880
12S-rRNA,743,102116
12S-rRNA,744,112076
12S-rRNA,745,127557
12S-rRNA,746,144242
12S-rRNA,747,151450
12S-rRNA,748,153827
12S-rRNA,749,154799
12S-rRNA,750,154937
12S-rRNA,751,154935
12S-rRNA,752,154947
12S-rRNA,753,154947
12S-rRNA,754,154947
12S-rRNA,755,154822
12S-rRNA,756,154521
12S-rRNA,757,154289
12S-rRNA,758,153452
12S-rRNA,759,152187
12S-rRNA,760,151580
12S-rRNA,761,151182
12S-rRNA,762,150597
12S-rRNA,763,149693
12S-rRNA,764,149063
12S-rRNA,765,148931
12S-rRNA,766,148834
12S-rRNA,767,148655
12S-rRNA,768,148164
12S-rRNA,769,145068
12S-rRNA,770,137391
12S-rRNA,771,130191
12S-rRNA,772,126907
12S-rRNA,773,125745
12S-rRNA,774,124481
12S-rRNA,775,122404
12S-rRNA,776,121067
12S-rRNA,777,119958
12S-rRNA,778,116694
12S-rRNA,779,112685
12S-rRNA,780,107192
12S-rRNA,781,95564
12S-rRNA,782,83948
12S-rRNA,783,78486
12S-rRNA,784,70405
12S-rRNA,785,63632
12S-rRNA,786,61268
12S-rRNA,787,58308
12S-rRNA,788,55692
12S-rRNA,789,54356
12S-rRNA,790,53616
12S-rRNA,791,53172
12S-rRNA,792,52626
12S-rRNA,793,51730
12S-rRNA,794,51056
12S-rRNA,795,50054
12S-rRNA,796,44180
12S-rRNA,797,38779
12S-rRNA,798,36075
12S-rRNA,799,34057
12S-rRNA,800,32905
12S-rRNA,801,31146
12S-rRNA,802,29878
12S-rRNA,803,27863
12S-rRNA,804,26313
12S-rRNA,805,25354
12S-rRNA,806,24633
12S-rRNA,807,23822
12S-rRNA,808,22716
12S-rRNA,809,22078
12S-rRNA,810,21820
12S-rRNA,811,21407
12S-rRNA,812,20866
12S-rRNA,813,19666
12S-rRNA,814,18404
12S-rRNA,815,17357
12S-rRNA,816,16188
12S-rRNA,817,15533
12S-rRNA,818,14065
12S-rRNA,819,12775
12S-rRNA,820,10909
12S-rRNA,821,9308
12S-rRNA,822,8318
12S-rRNA,823,7514
12S-rRNA,824,7150
12S-rRNA,825,6307
12S-rRNA,826,5864
12S-rRNA,827,5615
12S-rRNA,828,5023
12S-rRNA,829,4728
12S-rRNA,830,4571
12S-rRNA,831,4451
12S-rRNA,832,3514
12S-rRNA,833,2736
12S-rRNA,834,1987
12S-rRNA,835,1125
12S-rRNA,836,574
12S-rRNA,837,368
12S-rRNA,838,284
12S-rRNA,839,261
12S-rRNA,840,250
12S-rRNA,841,170
12S-rRNA,842,147
12S-rRNA,843,113
12S-rRNA,844,96
12S-rRNA,845,81
12S-rRNA,846,105
12S-rRNA,847,120
12S-rRNA,848,137
12S-rRNA,849,325
12S-rRNA,850,387
12S-rRNA,851,513
12S-rRNA,852,621
12S-rRNA,853,649
12S-rRNA,854,720
12S-rRNA,855,749
12S-rRNA,856,788
12S-rRNA,857,864
12S-rRNA,858,962
12S-rRNA,859,1521
12S-rRNA,860,2157
12S-rRNA,861,2752
12S-rRNA,862,3833
12S-rRNA,863,5437
12S-rRNA,864,6312
12S-rRNA,865,7777
12S-rRNA,866,8975
12S-rRNA,867,9536
12S-rRNA,868,9809
12S-rRNA,869,10316
12S-rRNA,870,10877
12S-rRNA,871,11992
12S-rRNA,872,12691
12S-rRNA,873,13425
12S-rRNA,874,14062
12S-rRNA,875,14136
12S-rRNA,876,14119
12S-rRNA,877,14096
12S-rRNA,878,14055
12S-rRNA,879,14001
12S-rRNA,880,13850
12S-rRNA,881,13724
12S-rRNA,882,13569
12S-rRNA,883,13458
12S-rRNA,884,13370
12S-rRNA,885,13324
12S-rRNA,886,13285
12S-rRNA,887,13248
12S-rRNA,888,13228
12S-rRNA,889,13184
12S-rRNA,890,12853
12S-rRNA,891,12733
12S-rRNA,892,12295
12S-rRNA,893,11854
12S-rRNA,894,11417
12S-rRNA,895,11052
12S-rRNA,896,10655
12S-rRNA,897,10400
12S-rRNA,898,10295
12S-rRNA,899,10229
12S-rRNA,900,10204
12S-rRNA,901,10185
12S-rRNA,902,10149
12S-rRNA,903,10133
12S-rRNA,904,10030
12S-rRNA,905,9974
12S-rRNA,906,9860
12S-rRNA,907,9484
12S-rRNA,908,9205
12S-rRNA,909,8174
12S-rRNA,910,7660
12S-rRNA,911,6104
12S-rRNA,912,5381
12S-rRNA,913,4707
12S-rRNA,914,3948
12S-rRNA,915,3775
12S-rRNA,916,3509
12S-rRNA,917,3183
12S-rRNA,918,2968
12S-rRNA,919,2613
12S-rRNA,920,2245
12S-rRNA,921,1835
12S-rRNA,922,1492
12S-rRNA,923,1231
12S-rRNA,924,962
12S-rRNA,925,745
12S-rRNA,926,695
12S-rRNA,927,675
12S-rRNA,928,641
12S-rRNA,929,622
12S-rRNA,930,596
12S-rRNA,931,554
12S-rRNA,932,516
12S-rRNA,933,489
12S-rRNA,934,444
12S-rRNA,935,418
12S-rRNA,936,406
12S-rRNA,937,335
12S-rRNA,938,302
12S-rRNA,939,236
12S-rRNA,940,139
12S-rRNA,941,67
12S-rRNA,942,56
12S-rRNA,943,54
12S-rRNA,944,46
12S-rRNA,945,46
12S-rRNA,946,46
12S-rRNA,947,46
12S-rRNA,948,40
12S-rRNA,949,36
12S-rRNA,950,23
12S-rRNA,951,10
12S-rRNA,952,6
16S-rRNA,1,9515564
16S-rRNA,2,9537707
16S-rRNA,3,9543388
16S-rRNA,4,9544079
16S-rRNA,5,9609142
16S-rRNA,6,9764623
16S-rRNA,7,9771824
16S-rRNA,8,9774777
16S-rRNA,9,9776807
16S-rRNA,10,9780297
16S-rRNA,11,9781570
16S-rRNA,12,9782368
16S-rRNA,13,9783666
16S-rRNA,14,9785484
16S-rRNA,15,9786964
16S-rRNA,16,9741948
16S-rRNA,17,9722557
16S-rRNA,18,9702434
16S-rRNA,19,9629519
16S-rRNA,20,9588092
16S-rRNA,21,9528676
16S-rRNA,22,9111129
16S-rRNA,23,8828008
16S-rRNA,24,8720938
16S-rRNA,25,8525111
16S-rRNA,26,7929922
16S-rRNA,27,7511231
16S-rRNA,28,7326872
16S-rRNA,29,7051957
16S-rRNA,30,6621952
16S-rRNA,31,6368530
16S-rRNA,32,6244598
16S-rRNA,33,6162792
16S-rRNA,34,6030025
16S-rRNA,35,5704957
16S-rRNA,36,5567188
16S-rRNA,37,5510940
16S-rRNA,38,5449952
16S-rRNA,39,5349292
16S-rRNA,40,5012885
16S-rRNA,41,4446725
16S-rRNA,42,3718301
16S-rRNA,43,2937390
16S-rRNA,44,2337841
16S-rRNA,45,2090077
16S-rRNA,46,1742571
16S-rRNA,47,1510694
16S-rRNA,48,1434966
16S-rRNA,49,1400027
16S-rRNA,50,1300953
16S-rRNA,51,1063003
16S-rRNA,52,895724
16S-rRNA,53,862621
16S-rRNA,54,841418
16S-rRNA,55,813078
16S-rRNA,56,775578
16S-rRNA,57,728336
16S-rRNA,58,668824
16S-rRNA,59,635158
16S-rRNA,60,622208
16S-rRNA,61,623061
16S-rRNA,62,653417
16S-rRNA,63,654967
16S-rRNA,64,649380
16S-rRNA,65,646719
16S-rRNA,66,653708
16S-rRNA,67,682559
16S-rRNA,68,706556
16S-rRNA,69,759044
16S-rRNA,70,792258
16S-rRNA,71,805438
16S-rRNA,72,806329
16S-rRNA,73,814474
16S-rRNA,74,820843
16S-rRNA,75,824493
16S-rRNA,76,822011
16S-rRNA,77,814692
16S-rRNA,78,796401
16S-rRNA,79,788180
16S-rRNA,80,752181
16S-rRNA,81,740335
16S-rRNA,82,733151
16S-rRNA,83,733313
16S-rRNA,84,700927
16S-rRNA,85,697062
16S-rRNA,86,703031
16S-rRNA,87,703483
16S-rRNA,88,700002
16S-rRNA,89,705248
16S-rRNA,90,714841
16S-rRNA,91,715915
16S-rRNA,92,721631
16S-rRNA,93,764339
16S-rRNA,94,778316
16S-rRNA,95,793677
16S-rRNA,96,800317
16S-rRNA,97,823193
16S-rRNA,98,845537
16S-rRNA,99,839499
16S-rRNA,100,830368
16S-rRNA,101,824819
16S-rRNA,102,814960
16S-rRNA,103,803961
16S-rRNA,104,771421
16S-rRNA,105,757227
16S-rRNA,106,746886
16S-rRNA,107,738625
16S-rRNA,108,696792
16S-rRNA,109,684180
16S-rRNA,110,622325
16S-rRNA,111,602533
16S-rRNA,112,587948
16S-rRNA,113,584362
16S-rRNA,114,571459
16S-rRNA,115,573030
16S-rRNA,116,571465
16S-rRNA,117,571139
16S-rRNA,118,572110
16S-rRNA,119,558692
16S-rRNA,120,542233
16S-rRNA,121,511309
16S-rRNA,122,479315
16S-rRNA,123,456849
16S-rRNA,124,440712
16S-rRNA,125,426175
16S-rRNA,126,398727
16S-rRNA,127,355991
16S-rRNA,128,324993
16S-rRNA,129,283126
16S-rRNA,130,256854
16S-rRNA,131,234883
16S-rRNA,132,180207
16S-rRNA,133,159797
16S-rRNA,134,148210
16S-rRNA,135,154185
16S-rRNA,136,130902
16S-rRNA,137,129501
16S-rRNA,138,122806
16S-rRNA,139,101644
16S-rRNA,140,103107
16S-rRNA,141,103954
16S-rRNA,142,105624
16S-rRNA,143,116483
16S-rRNA,144,134563
16S-rRNA,145,143351
16S-rRNA,146,163930
16S-rRNA,147,173360
16S-rRNA,148,172367
16S-rRNA,149,178328
16S-rRNA,150,183875
16S-rRNA,151,187230
16S-rRNA,152,188153
16S-rRNA,153,190251
16S-rRNA,154,191953
16S-rRNA,155,194321
16S-rRNA,156,196530
16S-rRNA,157,197475
16S-rRNA,158,194095
16S-rRNA,159,198198
16S-rRNA,160,199252
16S-rRNA,161,202687
16S-rRNA,162,208635
16S-rRNA,163,209219
16S-rRNA,164,213279
16S-rRNA,165,215686
16S-rRNA,166,216742
16S-rRNA,167,218453
16S-rRNA,168,221266
16S-rRNA,169,222762
16S-rRNA,170,223495
16S-rRNA,171,218393
16S-rRNA,172,213543
16S-rRNA,173,212610
16S-rRNA,174,211804
16S-rRNA,175,209250
16S-rRNA,176,206411
16S-rRNA,177,205567
16S-rRNA,178,196225
16S-rRNA,179,177192
16S-rRNA,180,175796
16S-rRNA,181,176622
16S-rRNA,182,176996
16S-rRNA,183,173019
16S-rRNA,184,171287
16S-rRNA,185,161365
16S-rRNA,186,134851
16S-rRNA,187,131800
16S-rRNA,188,137729
16S-rRNA,189,140300
16S-rRNA,190,131418
16S-rRNA,191,132017
16S-rRNA,192,132995
16S-rRNA,193,133976
16S-rRNA,194,134217
16S-rRNA,195,142864
16S-rRNA,196,149053
16S-rRNA,197,151884
16S-rRNA,198,149956
16S-rRNA,199,153234
16S-rRNA,200,147711
16S-rRNA,201,147866
16S-rRNA,202,147006
16S-rRNA,203,147923
16S-rRNA,204,147564
16S-rRNA,205,148552
16S-rRNA,206,149230
16S-rRNA,207,150207
16S-rRNA,208,149406
16S-rRNA,209,152651
16S-rRNA,210,158412
16S-rRNA,211,166032
16S-rRNA,212,172317
16S-rRNA,213,181436
16S-rRNA,214,187229
16S-rRNA,215,199680
16S-rRNA,216,206905
16S-rRNA,217,232739
16S-rRNA,218,239760
16S-rRNA,219,257824
16S-rRNA,220,269115
16S-rRNA,221,280860
16S-rRNA,222,288763
16S-rRNA,223,300100
16S-rRNA,224,321008
16S-rRNA,225,349956
16S-rRNA,226,374895
16S-rRNA,227,398849
16S-rRNA,228,438911
16S-rRNA,229,452004
16S-rRNA,230,458459
16S-rRNA,231,458262
16S-rRNA,232,465401
16S-rRNA,233,465303
16S-rRNA,234,464698
16S-rRNA,235,460482
16S-rRNA,236,450922
16S-rRNA,237,443713
16S-rRNA,238,420983
16S-rRNA,239,407974
16S-rRNA,240,397962
16S-rRNA,241,392667
16S-rRNA,242,386248
16S-rRNA,243,373265
16S-rRNA,244,360632
16S-rRNA,245,352339
16S-rRNA,246,349064
16S-rRNA,247,344527
16S-rRNA,248,331586
16S-rRNA,249,326252
16S-rRNA,250,322636
16S-rRNA,251,320694
16S-rRNA,252,316999
16S-rRNA,253,313467
16S-rRNA,254,310014
16S-rRNA,255,303281
16S-rRNA,256,284001
16S-rRNA,257,265548
16S-rRNA,258,252593
16S-rRNA,259,244382
16S-rRNA,260,238460
16S-rRNA,261,235523
16S-rRNA,262,230755
16S-rRNA,263,225128
16S-rRNA,264,218149
16S-rRNA,265,192793
16S-rRNA,266,176507
16S-rRNA,267,171007
16S-rRNA,268,165124
16S-rRNA,269,158504
16S-rRNA,270,154490
16S-rRNA,271,150900
16S-rRNA,272,146869
16S-rRNA,273,144608
16S-rRNA,274,140419
16S-rRNA,275,138268
16S-rRNA,276,135721
16S-rRNA,277,133323
16S-rRNA,278,130777
16S-rRNA,279,126403
16S-rRNA,280,116740
16S-rRNA,281,113610
16S-rRNA,282,108667
16S-rRNA,283,106332
16S-rRNA,284,101616
16S-rRNA,285,90370
16S-rRNA,286,80956
16S-rRNA,287,75057
16S-rRNA,288,71652
16S-rRNA,289,64265
16S-rRNA,290,60235
16S-rRNA,291,58143
16S-rRNA,292,52524
16S-rRNA,293,45069
16S-rRNA,294,45162
16S-rRNA,295,43164
16S-rRNA,296,42970
16S-rRNA,297,42522
16S-rRNA,298,41197
16S-rRNA,299,41555
16S-rRNA,300,41830
16S-rRNA,301,41134
16S-rRNA,302,41311
16S-rRNA,303,37237
16S-rRNA,304,35308
16S-rRNA,305,35247
16S-rRNA,306,34201
16S-rRNA,307,32372
16S-rRNA,308,30979
16S-rRNA,309,30660
16S-rRNA,310,26884
16S-rRNA,311,27907
16S-rRNA,312,28458
16S-rRNA,313,28250
16S-rRNA,314,26584
16S-rRNA,315,26330
16S-rRNA,316,26591
16S-rRNA,317,26790
16S-rRNA,318,27103
16S-rRNA,319,34238
16S-rRNA,320,36067
16S-rRNA,321,36999
16S-rRNA,322,38386
16S-rRNA,323,38562
16S-rRNA,324,39831
16S-rRNA,325,38909
16S-rRNA,326,40310
16S-rRNA,327,40448
16S-rRNA,328,39808
16S-rRNA,329,40155
16S-rRNA,330,40340
16S-rRNA,331,40117
16S-rRNA,332,40891
16S-rRNA,333,40281
16S-rRNA,334,40207
16S-rRNA,335,40403
16S-rRNA,336,40837
16S-rRNA,337,40896
16S-rRNA,338,40920
16S-rRNA,339,40750
16S-rRNA,340,40935
16S-rRNA,341,40938
16S-rRNA,342,41076
16S-rRNA,343,41037
16S-rRNA,344,40635
16S-rRNA,345,39840
16S-rRNA,346,37545
16S-rRNA,347,37720
16S-rRNA,348,36656
16S-rRNA,349,37495
16S-rRNA,350,37971
16S-rRNA,351,38163
16S-rRNA,352,38063
16S-rRNA,353,37889
16S-rRNA,354,40339
16S-rRNA,355,42126
16S-rRNA,356,41546
16S-rRNA,357,41691
16S-rRNA,358,42654
16S-rRNA,359,44008
16S-rRNA,360,44608
16S-rRNA,361,44951
16S-rRNA,362,48730
16S-rRNA,363,56691
16S-rRNA,364,60530
16S-rRNA,365,76502
16S-rRNA,366,87844
16S-rRNA,367,101075
16S-rRNA,368,116344
16S-rRNA,369,121891
16S-rRNA,370,131079
16S-rRNA,371,139037
16S-rRNA,372,144242
16S-rRNA,373,152875
16S-rRNA,374,160375
16S-rRNA,375,164612
16S-rRNA,376,168378
16S-rRNA,377,168967
16S-rRNA,378,169436
16S-rRNA,379,169556
16S-rRNA,380,171102
16S-rRNA,381,172929
16S-rRNA,382,175499
16S-rRNA,383,177297
16S-rRNA,384,177427
16S-rRNA,385,184555
16S-rRNA,386,185908
16S-rRNA,387,187424
16S-rRNA,388,189933
16S-rRNA,389,191028
16S-rRNA,390,191736
16S-rRNA,391,195120
16S-rRNA,392,190807
16S-rRNA,393,188005
16S-rRNA,394,185451
16S-rRNA,395,176509
16S-rRNA,396,173460
16S-rRNA,397,169663
16S-rRNA,398,166286
16S-rRNA,399,159202
16S-rRNA,400,152245
16S-rRNA,401,144869
16S-rRNA,402,135804
16S-rRNA,403,128873
16S-rRNA,404,124527
16S-rRNA,405,118581
16S-rRNA,406,110287
16S-rRNA,407,107553
16S-rRNA,408,109629
16S-rRNA,409,120320
16S-rRNA,410,129999
16S-rRNA,411,138301
16S-rRNA,412,142942
16S-rRNA,413,146174
16S-rRNA,414,149002
16S-rRNA,415,154951
16S-rRNA,416,157256
16S-rRNA,417,157951
16S-rRNA,418,158890
16S-rRNA,419,156418
16S-rRNA,420,152850
16S-rRNA,421,152259
16S-rRNA,422,154021
16S-rRNA,423,157084
16S-rRNA,424,159089
16S-rRNA,425,162109
16S-rRNA,426,163976
16S-rRNA,427,165946
16S-rRNA,428,164971
16S-rRNA,429,164053
16S-rRNA,430,159651
16S-rRNA,431,153728
16S-rRNA,432,149599
16S-rRNA,433,145325
16S-rRNA,434,143819
16S-rRNA,435,143700
16S-rRNA,436,144439
16S-rRNA,437,145722
16S-rRNA,438,146219
16S-rRNA,439,144223
16S-rRNA,440,140694
16S-rRNA,441,135040
16S-rRNA,442,131898
16S-rRNA,443,125871
16S-rRNA,444,123567
16S-rRNA,445,117826
16S-rRNA,446,112114
16S-rRNA,447,112965
16S-rRNA,448,114735
16S-rRNA,449,116927
16S-rRNA,450,121165
16S-rRNA,451,120517
16S-rRNA,452,122971
16S-rRNA,453,120856
16S-rRNA,454,111190
16S-rRNA,455,106407
16S-rRNA,456,105243
16S-rRNA,457,102597
16S-rRNA,458,99617
16S-rRNA,459,98975
16S-rRNA,460,97726
16S-rRNA,461,95972
16S-rRNA,462,94868
16S-rRNA,463,95714
16S-rRNA,464,97729
16S-rRNA,465,98433
16S-rRNA,466,99618
16S-rRNA,467,101202
16S-rRNA,468,101658
16S-rRNA,469,102097
16S-rRNA,470,102289
16S-rRNA,471,103582
16S-rRNA,472,104859
16S-rRNA,473,107443
16S-rRNA,474,109767
16S-rRNA,475,111244
16S-rRNA,476,108211
16S-rRNA,477,101905
16S-rRNA,478,94781
16S-rRNA,479,91365
16S-rRNA,480,92707
16S-rRNA,481,94020
16S-rRNA,482,96124
16S-rRNA,483,95162
16S-rRNA,484,95616
16S-rRNA,485,96579
16S-rRNA,486,95983
16S-rRNA,487,97817
16S-rRNA,488,103347
16S-rRNA,489,108068
16S-rRNA,490,114003
16S-rRNA,491,135676
16S-rRNA,492,150034
16S-rRNA,493,156109
16S-rRNA,494,160530
16S-rRNA,495,162383
16S-rRNA,496,162674
16S-rRNA,497,166224
16S-rRNA,498,166511
16S-rRNA,499,164394
16S-rRNA,500,169015
16S-rRNA,501,171064
16S-rRNA,502,172146
16S-rRNA,503,174258
16S-rRNA,504,175373
16S-rRNA,505,175872
16S-rRNA,506,175789
16S-rRNA,507,176919
16S-rRNA,508,177352
16S-rRNA,509,177044
16S-rRNA,510,169841
16S-rRNA,511,163108
16S-rRNA,512,159281
16S-rRNA,513,156175
16S-rRNA,514,156598
16S-rRNA,515,158426
16S-rRNA,516,161727
16S-rRNA,517,162245
16S-rRNA,518,161749
16S-rRNA,519,159969
16S-rRNA,520,158530
16S-rRNA,521,158313
16S-rRNA,522,157945
16S-rRNA,523,157412
16S-rRNA,524,151797
16S-rRNA,525,146839
16S-rRNA,526,143732
16S-rRNA,527,142135
16S-rRNA,528,146111
16S-rRNA,529,154160
16S-rRNA,530,157623
16S-rRNA,531,162367
16S-rRNA,532,160717
16S-rRNA,533,161247
16S-rRNA,534,159935
16S-rRNA,535,159127
16S-rRNA,536,156842
16S-rRNA,537,161478
16S-rRNA,538,157004
16S-rRNA,539,155330
16S-rRNA,540,151212
16S-rRNA,541,149700
16S-rRNA,542,148417
16S-rRNA,543,148680
16S-rRNA,544,143732
16S-rRNA,545,145525
16S-rRNA,546,139253
16S-rRNA,547,130251
16S-rRNA,548,122701
16S-rRNA,549,117837
16S-rRNA,550,112993
16S-rRNA,551,108643
16S-rRNA,552,106275
16S-rRNA,553,102321
16S-rRNA,554,103762
16S-rRNA,555,108832
16S-rRNA,556,114039
16S-rRNA,557,119977
16S-rRNA,558,136229
16S-rRNA,559,151525
16S-rRNA,560,187138
16S-rRNA,561,214659
16S-rRNA,562,248916
16S-rRNA,563,259253
16S-rRNA,564,324510
16S-rRNA,565,340779
16S-rRNA,566,415037
16S-rRNA,567,435771
16S-rRNA,568,490021
16S-rRNA,569,510648
16S-rRNA,570,542305
16S-rRNA,571,572548
16S-rRNA,572,628190
16S-rRNA,573,689782
16S-rRNA,574,765967
16S-rRNA,575,848605
16S-rRNA,576,897264
16S-rRNA,577,965334
16S-rRNA,578,987535
16S-rRNA,579,1030200
16S-rRNA,580,1042537
16S-rRNA,581,1060932
16S-rRNA,582,1066485
16S-rRNA,583,1065448
16S-rRNA,584,1054146
16S-rRNA,585,1033616
16S-rRNA,586,1030485
16S-rRNA,587,1028636
16S-rRNA,588,1023424
16S-rRNA,589,1019652
16S-rRNA,590,1015625
16S-rRNA,591,1013550
16S-rRNA,592,1008638
16S-rRNA,593,1003338
16S-rRNA,594,994267
16S-rRNA,595,983392
16S-rRNA,596,977386
16S-rRNA,597,959922
16S-rRNA,598,958388
16S-rRNA,599,952370
16S-rRNA,600,951263
16S-rRNA,601,952701
16S-rRNA,602,950098
16S-rRNA,603,946362
16S-rRNA,604,943199
16S-rRNA,605,935614
16S-rRNA,606,933732
16S-rRNA,607,932011
16S-rRNA,608,933410
16S-rRNA,609,936436
16S-rRNA,610,939659
16S-rRNA,611,935866
16S-rRNA,612,894415
16S-rRNA,613,863354
16S-rRNA,614,790742
16S-rRNA,615,743562
16S-rRNA,616,696460
16S-rRNA,617,666015
16S-rRNA,618,639183
16S-rRNA,619,622099
16S-rRNA,620,610405
16S-rRNA,621,599916
16S-rRNA,622,597138
16S-rRNA,623,587644
16S-rRNA,624,582928
16S-rRNA,625,573600
16S-rRNA,626,562250
16S-rRNA,627,541575
16S-rRNA,628,533146
16S-rRNA,629,507880
16S-rRNA,630,505052
16S-rRNA,631,492796
16S-rRNA,632,475666
16S-rRNA,633,449962
16S-rRNA,634,417345
16S-rRNA,635,384144
16S-rRNA,636,356810
16S-rRNA,637,341311
16S-rRNA,638,316549
16S-rRNA,639,293312
16S-rRNA,640,275178
16S-rRNA,641,260037
16S-rRNA,642,237312
16S-rRNA,643,238263
16S-rRNA,644,233014
16S-rRNA,645,230376
16S-rRNA,646,230530
16S-rRNA,647,229040
16S-rRNA,648,230316
16S-rRNA,649,231916
16S-rRNA,650,224215
16S-rRNA,651,221697
16S-rRNA,652,213756
16S-rRNA,653,208033
16S-rRNA,654,204565
16S-rRNA,655,198189
16S-rRNA,656,191742
16S-rRNA,657,181924
16S-rRNA,658,182324
16S-rRNA,659,174433
16S-rRNA,660,175763
16S-rRNA,661,172808
16S-rRNA,662,171731
16S-rRNA,663,167445
16S-rRNA,664,167152
16S-rRNA,665,168664
16S-rRNA,666,181522
16S-rRNA,667,187699
16S-rRNA,668,210536
16S-rRNA,669,219703
16S-rRNA,670,226552
16S-rRNA,671,235222
16S-rRNA,672,235086
16S-rRNA,673,243595
16S-rRNA,674,239930
16S-rRNA,675,244245
16S-rRNA,676,243901
16S-rRNA,677,242047
16S-rRNA,678,241137
16S-rRNA,679,242220
16S-rRNA,680,240370
16S-rRNA,681,241941
16S-rRNA,682,239640
16S-rRNA,683,239541
16S-rRNA,684,240300
16S-rRNA,685,240777
16S-rRNA,686,244068
16S-rRNA,687,244027
16S-rRNA,688,242940
16S-rRNA,689,243092
16S-rRNA,690,241660
16S-rRNA,691,240129
16S-rRNA,692,235869
16S-rRNA,693,226957
16S-rRNA,694,219820
16S-rRNA,695,205632
16S-rRNA,696,202145
16S-rRNA,697,194883
16S-rRNA,698,194648
16S-rRNA,699,192525
16S-rRNA,700,190617
16S-rRNA,701,189936
16S-rRNA,702,190040
16S-rRNA,703,188585
16S-rRNA,704,189602
16S-rRNA,705,181400
16S-rRNA,706,179988
16S-rRNA,707,174547
16S-rRNA,708,167531
16S-rRNA,709,159753
16S-rRNA,710,152788
16S-rRNA,711,151106
16S-rRNA,712,159110
16S-rRNA,713,158090
16S-rRNA,714,166285
16S-rRNA,715,163782
16S-rRNA,716,162436
16S-rRNA,717,161872
16S-rRNA,718,160371
16S-rRNA,719,160846
16S-rRNA,720,161754
16S-rRNA,721,163638
16S-rRNA,722,165489
16S-rRNA,723,166314
16S-rRNA,724,164694
16S-rRNA,725,165773
16S-rRNA,726,159156
16S-rRNA,727,158056
16S-rRNA,728,155166
16S-rRNA,729,158076
16S-rRNA,730,163015
16S-rRNA,731,168695
16S-rRNA,732,174637
16S-rRNA,733,171222
16S-rRNA,734,180271
16S-rRNA,735,179780
16S-rRNA,736,179514
16S-rRNA,737,183736
16S-rRNA,738,192099
16S-rRNA,739,197040
16S-rRNA,740,208653
16S-rRNA,741,206566
16S-rRNA,742,205968
16S-rRNA,743,204753
16S-rRNA,744,203872
16S-rRNA,745,201730
16S-rRNA,746,199819
16S-rRNA,747,198326
16S-rRNA,748,196236
16S-rRNA,749,194436
16S-rRNA,750,192871
16S-rRNA,751,191861
16S-rRNA,752,188518
16S-rRNA,753,184183
16S-rRNA,754,180834
16S-rRNA,755,175716
16S-rRNA,756,174100
16S-rRNA,757,171578
16S-rRNA,758,168969
16S-rRNA,759,162522
16S-rRNA,760,157613
16S-rRNA,761,153632
16S-rRNA,762,150771
16S-rRNA,763,148712
16S-rRNA,764,147893
16S-rRNA,765,144536
16S-rRNA,766,137610
16S-rRNA,767,125542
16S-rRNA,768,112514
16S-rRNA,769,97874
16S-rRNA,770,90295
16S-rRNA,771,83085
16S-rRNA,772,79992
16S-rRNA,773,76666
16S-rRNA,774,76119
16S-rRNA,775,75956
16S-rRNA,776,76719
16S-rRNA,777,76796
16S-rRNA,778,73966
16S-rRNA,779,69779
16S-rRNA,780,60941
16S-rRNA,781,54333
16S-rRNA,782,48339
16S-rRNA,783,44678
16S-rRNA,784,45087
16S-rRNA,785,45681
16S-rRNA,786,47159
16S-rRNA,787,47465
16S-rRNA,788,47951
16S-rRNA,789,48411
16S-rRNA,790,46708
16S-rRNA,791,48565
16S-rRNA,792,49603
16S-rRNA,793,53701
16S-rRNA,794,60250
16S-rRNA,795,66971
16S-rRNA,796,76765
16S-rRNA,797,90779
16S-rRNA,798,103555
16S-rRNA,799,123897
16S-rRNA,800,138866
16S-rRNA,801,158766
16S-rRNA,802,174436
16S-rRNA,803,185557
16S-rRNA,804,194932
16S-rRNA,805,199127
16S-rRNA,806,202983
16S-rRNA,807,204830
16S-rRNA,808,205635
16S-rRNA,809,206948
16S-rRNA,810,207576
16S-rRNA,811,210122
16S-rRNA,812,210443
16S-rRNA,813,211923
16S-rRNA,814,212941
16S-rRNA,815,212456
16S-rRNA,816,213048
16S-rRNA,817,208620
16S-rRNA,818,208275
16S-rRNA,819,204404
16S-rRNA,820,207468
16S-rRNA,821,206513
16S-rRNA,822,209444
16S-rRNA,823,207443
16S-rRNA,824,208206
16S-rRNA,825,205308
16S-rRNA,826,204774
16S-rRNA,827,202526
16S-rRNA,828,200779
16S-rRNA,829,198043
16S-rRNA,830,193249
16S-rRNA,831,189008
16S-rRNA,832,181597
16S-rRNA,833,175641
16S-rRNA,834,167657
16S-rRNA,835,168406
16S-rRNA,836,163543
16S-rRNA,837,173241
16S-rRNA,838,172133
16S-rRNA,839,183043
16S-rRNA,840,185815
16S-rRNA,841,193093
16S-rRNA,842,202554
16S-rRNA,843,209234
16S-rRNA,844,224320
16S-rRNA,845,228280
16S-rRNA,846,238493
16S-rRNA,847,245327
16S-rRNA,848,245689
16S-rRNA,849,251458
16S-rRNA,850,246310
16S-rRNA,851,246869
16S-rRNA,852,246843
16S-rRNA,853,247488
16S-rRNA,854,247747
16S-rRNA,855,249166
16S-rRNA,856,251984
16S-rRNA,857,251193
16S-rRNA,858,253807
16S-rRNA,859,247480
16S-rRNA,860,244899
16S-rRNA,861,244141
16S-rRNA,862,244353
16S-rRNA,863,249848
16S-rRNA,864,257115
16S-rRNA,865,260203
16S-rRNA,866,262899
16S-rRNA,867,261838
16S-rRNA,868,256657
16S-rRNA,869,255136
16S-rRNA,870,253299
16S-rRNA,871,252091
16S-rRNA,872,249610
16S-rRNA,873,249029
16S-rRNA,874,247408
16S-rRNA,875,246940
16S-rRNA,876,242536
16S-rRNA,877,233560
16S-rRNA,878,224686
16S-rRNA,879,210371
16S-rRNA,880,205232
16S-rRNA,881,200931
16S-rRNA,882,195897
16S-rRNA,883,191790
16S-rRNA,884,186289
16S-rRNA,885,182356
16S-rRNA,886,176896
16S-rRNA,887,172372
16S-rRNA,888,167498
16S-rRNA,889,157147
16S-rRNA,890,151831
16S-rRNA,891,134843
16S-rRNA,892,128301
16S-rRNA,893,111511
16S-rRNA,894,96492
16S-rRNA,895,85557
16S-rRNA,896,71036
16S-rRNA,897,64377
16S-rRNA,898,56085
16S-rRNA,899,52803
16S-rRNA,900,44271
16S-rRNA,901,42545
16S-rRNA,902,40573
16S-rRNA,903,39735
16S-rRNA,904,37726
16S-rRNA,905,36500
16S-rRNA,906,35020
16S-rRNA,907,33995
16S-rRNA,908,33122
16S-rRNA,909,31977
16S-rRNA,910,30601
16S-rRNA,911,29594
16S-rRNA,912,28544
16S-rRNA,913,27586
16S-rRNA,914,26199
16S-rRNA,915,24452
16S-rRNA,916,22645
16S-rRNA,917,21088
16S-rRNA,918,19784
16S-rRNA,919,18428
16S-rRNA,920,17232
16S-rRNA,921,15944
16S-rRNA,922,14880
16S-rRNA,923,13864
16S-rRNA,924,12965
16S-rRNA,925,11759
16S-rRNA,926,10602
16S-rRNA,927,8741
16S-rRNA,928,7553
16S-rRNA,929,6603
16S-rRNA,930,6051
16S-rRNA,931,5774
16S-rRNA,932,5494
16S-rRNA,933,5291
16S-rRNA,934,5028
16S-rRNA,935,4822
16S-rRNA,936,4384
16S-rRNA,937,3674
16S-rRNA,938,2946
16S-rRNA,939,2163
16S-rRNA,940,1886
16S-rRNA,941,1763
16S-rRNA,942,1673
16S-rRNA,943,1595
16S-rRNA,944,1550
16S-rRNA,945,1492
16S-rRNA,946,1393
16S-rRNA,947,1329
16S-rRNA,948,1211
16S-rRNA,949,1088
16S-rRNA,950,897
16S-rRNA,951,744
16S-rRNA,952,636
16S-rRNA,953,534
16S-rRNA,954,483
16S-rRNA,955,459
16S-rRNA,956,437
16S-rRNA,957,417
16S-rRNA,958,435
16S-rRNA,959,443
16S-rRNA,960,434
16S-rRNA,961,432
16S-rRNA,962,447
16S-rRNA,963,405
16S-rRNA,964,397
16S-rRNA,965,279
16S-rRNA,966,241
16S-rRNA,967,198
16S-rRNA,968,190
16S-rRNA,969,167
16S-rRNA,970,162
16S-rRNA,971,152
16S-rRNA,972,141
16S-rRNA,973,141
16S-rRNA,974,141
16S-rRNA,975,139
16S-rRNA,976,132
16S-rRNA,977,130
16S-rRNA,978,75
16S-rRNA,979,65
16S-rRNA,980,57
16S-rRNA,981,49
16S-rRNA,982,47
16S-rRNA,983,45
16S-rRNA,984,43
16S-rRNA,985,41
16S-rRNA,986,41
16S-rRNA,987,41
16S-rRNA,988,41
16S-rRNA,989,39
16S-rRNA,990,37
16S-rRNA,991,37
16S-rRNA,992,31
16S-rRNA,993,28
16S-rRNA,994,28
16S-rRNA,995,28
16S-rRNA,996,25
16S-rRNA,997,25
16S-rRNA,998,25
16S-rRNA,999,22
16S-rRNA,1000,19
16S-rRNA,1001,17
16S-rRNA,1002,17
16S-rRNA,1003,15
16S-rRNA,1004,13
16S-rRNA,1005,15
16S-rRNA,1006,17
16S-rRNA,1007,17
16S-rRNA,1008,22
16S-rRNA,1009,22
16S-rRNA,1010,19
16S-rRNA,1011,19
16S-rRNA,1012,19
16S-rRNA,1013,15
16S-rRNA,1014,15
16S-rRNA,1015,15
16S-rRNA,1016,15
16S-rRNA,1017,15
16S-rRNA,1018,15
16S-rRNA,1019,13
16S-rRNA,1020,11
16S-rRNA,1021,9
16S-rRNA,1022,9
16S-rRNA,1023,9
16S-rRNA,1024,9
16S-rRNA,1025,4
16S-rRNA,1026,4
16S-rRNA,1027,4
16S-rRNA,1028,4
16S-rRNA,1029,4
16S-rRNA,1030,4
16S-rRNA,1031,4
16S-rRNA,1032,4
16S-rRNA,1033,4
16S-rRNA,1034,2
16S-rRNA,1035,2
16S-rRNA,1036,2
16S-rRNA,1037,2
16S-rRNA,1038,2
16S-rRNA,1039,2
16S-rRNA,1040,2
16S-rRNA,1041,2
16S-rRNA,1042,2
16S-rRNA,1043,2
16S-rRNA,1044,2
16S-rRNA,1045,2
16S-rRNA,1046,2
16S-rRNA,1047,496
16S-rRNA,1048,636
16S-rRNA,1049,790
16S-rRNA,1050,1123
16S-rRNA,1051,1369
16S-rRNA,1052,1467
16S-rRNA,1053,1487
16S-rRNA,1054,1506
16S-rRNA,1055,1540
16S-rRNA,1056,1574
16S-rRNA,1057,6569
16S-rRNA,1058,8099
16S-rRNA,1059,20360
16S-rRNA,1060,27236
16S-rRNA,1061,34666
16S-rRNA,1062,44772
16S-rRNA,1063,55090
16S-rRNA,1064,59296
16S-rRNA,1065,60462
16S-rRNA,1066,62337
16S-rRNA,1067,64752
16S-rRNA,1068,67201
16S-rRNA,1069,70619
16S-rRNA,1070,72504
16S-rRNA,1071,73836
16S-rRNA,1072,75364
16S-rRNA,1073,76659
16S-rRNA,1074,79280
16S-rRNA,1075,79522
16S-rRNA,1076,80240
16S-rRNA,1077,80761
16S-rRNA,1078,81235
16S-rRNA,1079,80923
16S-rRNA,1080,80679
16S-rRNA,1081,80271
16S-rRNA,1082,79879
16S-rRNA,1083,79273
16S-rRNA,1084,79366
16S-rRNA,1085,79792
16S-rRNA,1086,79808
16S-rRNA,1087,78189
16S-rRNA,1088,77042
16S-rRNA,1089,73837
16S-rRNA,1090,71644
16S-rRNA,1091,69701
16S-rRNA,1092,68324
16S-rRNA,1093,65741
16S-rRNA,1094,61360
16S-rRNA,1095,56467
16S-rRNA,1096,49500
16S-rRNA,1097,45998
16S-rRNA,1098,45196
16S-rRNA,1099,44050
16S-rRNA,1100,42944
16S-rRNA,1101,41955
16S-rRNA,1102,41033
16S-rRNA,1103,40560
16S-rRNA,1104,40080
16S-rRNA,1105,39201
16S-rRNA,1106,38469
16S-rRNA,1107,37086
16S-rRNA,1108,35344
16S-rRNA,1109,33399
16S-rRNA,1110,30637
16S-rRNA,1111,26958
16S-rRNA,1112,22823
16S-rRNA,1113,22092
16S-rRNA,1114,21607
16S-rRNA,1115,21250
16S-rRNA,1116,21123
16S-rRNA,1117,20879
16S-rRNA,1118,19612
16S-rRNA,1119,18041
16S-rRNA,1120,14827
16S-rRNA,1121,12059
16S-rRNA,1122,10395
16S-rRNA,1123,8491
16S-rRNA,1124,6819
16S-rRNA,1125,5138
16S-rRNA,1126,3291
16S-rRNA,1127,2647
16S-rRNA,1128,7764
16S-rRNA,1129,16729
16S-rRNA,1130,16528
16S-rRNA,1131,22546
16S-rRNA,1132,23647
16S-rRNA,1133,23634
16S-rRNA,1134,23604
16S-rRNA,1135,23594
16S-rRNA,1136,23591
16S-rRNA,1137,23572
16S-rRNA,1138,23556
16S-rRNA,1139,23516
16S-rRNA,1140,23457
16S-rRNA,1141,23268
16S-rRNA,1142,23105
16S-rRNA,1143,22908
16S-rRNA,1144,22820
16S-rRNA,1145,22783
16S-rRNA,1146,22721
16S-rRNA,1147,22661
16S-rRNA,1148,22537
16S-rRNA,1149,22331
16S-rRNA,1150,22228
16S-rRNA,1151,22045
16S-rRNA,1152,21974
16S-rRNA,1153,21897
16S-rRNA,1154,21799
16S-rRNA,1155,21721
16S-rRNA,1156,21625
16S-rRNA,1157,21517
16S-rRNA,1158,21270
16S-rRNA,1159,19177
16S-rRNA,1160,17922
16S-rRNA,1161,16612
16S-rRNA,1162,15569
16S-rRNA,1163,14322
16S-rRNA,1164,13119
16S-rRNA,1165,12477
16S-rRNA,1166,11908
16S-rRNA,1167,11578
16S-rRNA,1168,11377
16S-rRNA,1169,10890
16S-rRNA,1170,10610
16S-rRNA,1171,9827
16S-rRNA,1172,8962
16S-rRNA,1173,8339
16S-rRNA,1174,7267
16S-rRNA,1175,6525
16S-rRNA,1176,6086
16S-rRNA,1177,5842
16S-rRNA,1178,5681
16S-rRNA,1179,5596
16S-rRNA,1180,5549
16S-rRNA,1181,5528
16S-rRNA,1182,5520
16S-rRNA,1183,5513
16S-rRNA,1184,5510
16S-rRNA,1185,5508
16S-rRNA,1186,5508
16S-rRNA,1187,5456
16S-rRNA,1188,4755
16S-rRNA,1189,3855
16S-rRNA,1190,2803
16S-rRNA,1191,1747
16S-rRNA,1192,1191
16S-rRNA,1193,798
16S-rRNA,1194,571
16S-rRNA,1195,507
16S-rRNA,1196,490
16S-rRNA,1197,486
16S-rRNA,1198,486
16S-rRNA,1199,474
16S-rRNA,1200,463
16S-rRNA,1201,379
16S-rRNA,1202,357
16S-rRNA,1203,316
16S-rRNA,1204,286
16S-rRNA,1205,273
16S-rRNA,1206,267
16S-rRNA,1207,260
16S-rRNA,1208,258
16S-rRNA,1209,211
16S-rRNA,1210,167
16S-rRNA,1211,149
16S-rRNA,1212,125
16S-rRNA,1213,129
16S-rRNA,1214,129
16S-rRNA,1215,127
16S-rRNA,1216,107
16S-rRNA,1217,100
16S-rRNA,1218,42
16S-rRNA,1219,30
16S-rRNA,1220,28
16S-rRNA,1221,28
16S-rRNA,1222,28
16S-rRNA,1223,28
16S-rRNA,1224,26
16S-rRNA,1225,18
16S-rRNA,1226,14
16S-rRNA,1227,12
16S-rRNA,1228,10
16S-rRNA,1229,10
16S-rRNA,1230,10
16S-rRNA,1231,10
16S-rRNA,1232,10
16S-rRNA,1233,10
16S-rRNA,1234,10
16S-rRNA,1235,10
16S-rRNA,1236,10
16S-rRNA,1237,10
16S-rRNA,1238,10
16S-rRNA,1239,10
16S-rRNA,1240,6
16S-rRNA,1241,6
16S-rRNA,1242,3
16S-rRNA,1243,3
16S-rRNA,1244,3
16S-rRNA,1245,3
16S-rRNA,1246,3
16S-rRNA,1247,3
16S-rRNA,1248,3
16S-rRNA,1249,3
16S-rRNA,1250,3
16S-rRNA,1251,3
16S-rRNA,1252,3
16S-rRNA,1253,3
16S-rRNA,1254,6
16S-rRNA,1255,6
16S-rRNA,1256,6
16S-rRNA,1257,11
16S-rRNA,1258,11
16S-rRNA,1259,75
16S-rRNA,1260,97
16S-rRNA,1261,97
16S-rRNA,1262,97
16S-rRNA,1263,123
16S-rRNA,1264,127
16S-rRNA,1265,127
16S-rRNA,1266,129
16S-rRNA,1267,129
16S-rRNA,1268,129
16S-rRNA,1269,129
16S-rRNA,1270,129
16S-rRNA,1271,129
16S-rRNA,1272,129
16S-rRNA,1273,129
16S-rRNA,1274,98
16S-rRNA,1275,96
16S-rRNA,1276,96
16S-rRNA,1277,90
16S-rRNA,1278,81
16S-rRNA,1279,62
16S-rRNA,1280,60
16S-rRNA,1281,41
16S-rRNA,1282,35
16S-rRNA,1283,37
16S-rRNA,1284,37
16S-rRNA,1285,35
16S-rRNA,1286,35
16S-rRNA,1287,35
16S-rRNA,1288,33
16S-rRNA,1289,33
16S-rRNA,1290,33
16S-rRNA,1291,33
16S-rRNA,1292,33
16S-rRNA,1293,33
16S-rRNA,1294,30
16S-rRNA,1295,25
16S-rRNA,1296,25
16S-rRNA,1297,19
16S-rRNA,1298,17
16S-rRNA,1299,17
16S-rRNA,1300,15
16S-rRNA,1301,15
16S-rRNA,1302,22
16S-rRNA,1303,26
16S-rRNA,1304,32
16S-rRNA,1305,36
16S-rRNA,1306,41
16S-rRNA,1307,44
16S-rRNA,1308,57
16S-rRNA,1309,59
16S-rRNA,1310,63
16S-rRNA,1311,63
16S-rRNA,1312,63
16S-rRNA,1313,67
16S-rRNA,1314,67
16S-rRNA,1315,67
16S-rRNA,1316,67
16S-rRNA,1317,71
16S-rRNA,1318,75
16S-rRNA,1319,109
16S-rRNA,1320,131
16S-rRNA,1321,171
16S-rRNA,1322,185
16S-rRNA,1323,191
16S-rRNA,1324,220
16S-rRNA,1325,225
16S-rRNA,1326,242
16S-rRNA,1327,252
16S-rRNA,1328,252
16S-rRNA,1329,264
16S-rRNA,1330,268
16S-rRNA,1331,293
16S-rRNA,1332,314
16S-rRNA,1333,336
16S-rRNA,1334,350
16S-rRNA,1335,456
16S-rRNA,1336,490
16S-rRNA,1337,570
16S-rRNA,1338,590
16S-rRNA,1339,606
16S-rRNA,1340,680
16S-rRNA,1341,696
16S-rRNA,1342,710
16S-rRNA,1343,757
16S-rRNA,1344,774
16S-rRNA,1345,828
16S-rRNA,1346,866
16S-rRNA,1347,929
16S-rRNA,1348,1089
16S-rRNA,1349,1203
16S-rRNA,1350,1465
16S-rRNA,1351,1707
16S-rRNA,1352,1968
16S-rRNA,1353,2226
16S-rRNA,1354,2397
16S-rRNA,1355,2719
16S-rRNA,1356,3024
16S-rRNA,1357,3253
16S-rRNA,1358,3892
16S-rRNA,1359,4402
16S-rRNA,1360,4909
16S-rRNA,1361,5798
16S-rRNA,1362,6224
16S-rRNA,1363,7285
16S-rRNA,1364,8247
16S-rRNA,1365,9061
16S-rRNA,1366,10240
16S-rRNA,1367,11368
16S-rRNA,1368,12544
16S-rRNA,1369,13439
16S-rRNA,1370,14287
16S-rRNA,1371,14864
16S-rRNA,1372,15162
16S-rRNA,1373,15747
16S-rRNA,1374,16099
16S-rRNA,1375,16418
16S-rRNA,1376,16911
16S-rRNA,1377,17189
16S-rRNA,1378,18001
16S-rRNA,1379,18253
16S-rRNA,1380,19338
16S-rRNA,1381,20397
16S-rRNA,1382,22199
16S-rRNA,1383,23496
16S-rRNA,1384,27835
16S-rRNA,1385,33672
16S-rRNA,1386,41267
16S-rRNA,1387,48337
16S-rRNA,1388,54840
16S-rRNA,1389,64244
16S-rRNA,1390,76322
16S-rRNA,1391,85026
16S-rRNA,1392,95441
16S-rRNA,1393,104045
16S-rRNA,1394,111746
16S-rRNA,1395,119407
16S-rRNA,1396,126673
16S-rRNA,1397,134538
16S-rRNA,1398,141325
16S-rRNA,1399,148873
16S-rRNA,1400,155526
16S-rRNA,1401,161171
16S-rRNA,1402,167090
16S-rRNA,1403,171892
16S-rRNA,1404,181612
16S-rRNA,1405,186920
16S-rRNA,1406,196732
16S-rRNA,1407,201912
16S-rRNA,1408,206773
16S-rRNA,1409,215031
16S-rRNA,1410,217511
16S-rRNA,1411,222111
16S-rRNA,1412,223843
16S-rRNA,1413,227189
16S-rRNA,1414,228414
16S-rRNA,1415,230429
16S-rRNA,1416,230817
16S-rRNA,1417,230821
16S-rRNA,1418,232671
16S-rRNA,1419,230783
16S-rRNA,1420,225554
16S-rRNA,1421,220183
16S-rRNA,1422,212117
16S-rRNA,1423,204419
16S-rRNA,1424,196941
16S-rRNA,1425,191376
16S-rRNA,1426,185482
16S-rRNA,1427,180300
16S-rRNA,1428,177754
16S-rRNA,1429,172814
16S-rRNA,1430,171890
16S-rRNA,1431,171687
16S-rRNA,1432,171561
16S-rRNA,1433,167497
16S-rRNA,1434,156558
16S-rRNA,1435,174091
16S-rRNA,1436,170737
16S-rRNA,1437,208043
16S-rRNA,1438,212162
16S-rRNA,1439,238947
16S-rRNA,1440,271080
16S-rRNA,1441,308198
16S-rRNA,1442,365691
16S-rRNA,1443,422086
16S-rRNA,1444,516157
16S-rRNA,1445,591162
16S-rRNA,1446,700581
16S-rRNA,1447,783501
16S-rRNA,1448,873497
16S-rRNA,1449,920504
16S-rRNA,1450,955215
16S-rRNA,1451,989028
16S-rRNA,1452,996799
16S-rRNA,1453,999482
16S-rRNA,1454,1007597
16S-rRNA,1455,1009528
16S-rRNA,1456,1018412
16S-rRNA,1457,1021372
16S-rRNA,1458,1026690
16S-rRNA,1459,1043521
16S-rRNA,1460,1057012
16S-rRNA,1461,1081451
16S-rRNA,1462,1121677
16S-rRNA,1463,1167570
16S-rRNA,1464,1230587
16S-rRNA,1465,1271213
16S-rRNA,1466,1327065
16S-rRNA,1467,1357738
16S-rRNA,1468,1391180
16S-rRNA,1469,1414399
16S-rRNA,1470,1425806
16S-rRNA,1471,1438583
16S-rRNA,1472,1455069
16S-rRNA,1473,1459410
16S-rRNA,1474,1465716
16S-rRNA,1475,1470883
16S-rRNA,1476,1469371
16S-rRNA,1477,1477904
16S-rRNA,1478,1477772
16S-rRNA,1479,1473237
16S-rRNA,1480,1474531
16S-rRNA,1481,1476780
16S-rRNA,1482,1474738
16S-rRNA,1483,1474150
16S-rRNA,1484,1463698
16S-rRNA,1485,1461492
16S-rRNA,1486,1447609
16S-rRNA,1487,1436935
16S-rRNA,1488,1423738
16S-rRNA,1489,1405916
16S-rRNA,1490,1378511
16S-rRNA,1491,1351902
16S-rRNA,1492,1318479
16S-rRNA,1493,1298350
16S-rRNA,1494,1281432
16S-rRNA,1495,1256082
16S-rRNA,1496,1230848
16S-rRNA,1497,1277042
16S-rRNA,1498,1278052
16S-rRNA,1499,1324792
16S-rRNA,1500,1331419
16S-rRNA,1501,1336123
16S-rRNA,1502,1363714
16S-rRNA,1503,1371251
16S-rRNA,1504,1368922
16S-rRNA,1505,1359094
16S-rRNA,1506,1270623
16S-rRNA,1507,1078978
16S-rRNA,1508,917231
16S-rRNA,1509,630539
16S-rRNA,1510,574018
16S-rRNA,1511,488050
16S-rRNA,1512,311390
16S-rRNA,1513,264976
16S-rRNA,1514,251097
16S-rRNA,1515,236577
16S-rRNA,1516,229223
16S-rRNA,1517,234253
16S-rRNA,1518,237809
16S-rRNA,1519,249001
16S-rRNA,1520,258153
16S-rRNA,1521,277671
16S-rRNA,1522,297059
16S-rRNA,1523,317311
16S-rRNA,1524,328987
16S-rRNA,1525,340860
16S-rRNA,1526,353277
16S-rRNA,1527,369241
16S-rRNA,1528,385830
16S-rRNA,1529,400907
16S-rRNA,1530,424271
16S-rRNA,1531,447086
16S-rRNA,1532,461629
16S-rRNA,1533,479856
16S-rRNA,1534,498629
16S-rRNA,1535,516156
16S-rRNA,1536,529334
16S-rRNA,1537,541099
16S-rRNA,1538,550344
16S-rRNA,1539,558798
16S-rRNA,1540,565977
16S-rRNA,1541,572275
16S-rRNA,1542,578220
16S-rRNA,1543,584296
16S-rRNA,1544,586656
16S-rRNA,1545,591054
16S-rRNA,1546,595867
16S-rRNA,1547,592986
16S-rRNA,1548,587695
16S-rRNA,1549,576923
16S-rRNA,1550,566692
16S-rRNA,1551,561253
16S-rRNA,1552,557122
16S-rRNA,1553,551299
16S-rRNA,1554,547236
16S-rRNA,1555,546102
16S-rRNA,1556,545363
16S-rRNA,1557,544751
16S-rRNA,1558,543183
16S-rRNA,1559,540089
16S-rRNA,1560,508661
16S-rRNA,1561,504569
16S-rRNA,1562,501337
16S-rRNA,1563,497412
16S-rRNA,1564,491717
16S-rRNA,1565,486064
16S-rRNA,1566,480774
16S-rRNA,1567,472480
16S-rRNA,1568,461670
16S-rRNA,1569,438668
16S-rRNA,1570,392024
16S-rRNA,1571,339760
16S-rRNA,1572,295170
16S-rRNA,1573,276959
16S-rRNA,1574,136368
16S-rRNA,1575,39259
18S-rRNA,1,391834
18S-rRNA,2,418072
18S-rRNA,3,421610
18S-rRNA,4,426618
18S-rRNA,5,477272
18S-rRNA,6,516965
18S-rRNA,7,526919
18S-rRNA,8,530866
18S-rRNA,9,538601
18S-rRNA,10,545418
18S-rRNA,11,549537
18S-rRNA,12,564015
18S-rRNA,13,570704
18S-rRNA,14,573199
18S-rRNA,15,581303
18S-rRNA,16,579318
18S-rRNA,17,580496
18S-rRNA,18,580704
18S-rRNA,19,578221
18S-rRNA,20,577232
18S-rRNA,21,575774
18S-rRNA,22,558438
18S-rRNA,23,555124
18S-rRNA,24,553237
18S-rRNA,25,537461
18S-rRNA,26,528557
18S-rRNA,27,525156
18S-rRNA,28,522328
18S-rRNA,29,521256
18S-rRNA,30,517101
18S-rRNA,31,504173
18S-rRNA,32,496753
18S-rRNA,33,492483
18S-rRNA,34,487466
18S-rRNA,35,485267
18S-rRNA,36,479190
18S-rRNA,37,464163
18S-rRNA,38,455578
18S-rRNA,39,450341
18S-rRNA,40,445321
18S-rRNA,41,438623
18S-rRNA,42,422980
18S-rRNA,43,404862
18S-rRNA,44,361208
18S-rRNA,45,348957
18S-rRNA,46,340749
18S-rRNA,47,339905
18S-rRNA,48,338188
18S-rRNA,49,334687
18S-rRNA,50,322692
18S-rRNA,51,322217
18S-rRNA,52,321724
18S-rRNA,53,319734
18S-rRNA,54,317103
18S-rRNA,55,315019
18S-rRNA,56,313765
18S-rRNA,57,311734
18S-rRNA,58,309867
18S-rRNA,59,306355
18S-rRNA,60,301677
18S-rRNA,61,300758
18S-rRNA,62,300339
18S-rRNA,63,297084
18S-rRNA,64,291334
18S-rRNA,65,289853
18S-rRNA,66,287830
18S-rRNA,67,285753
18S-rRNA,68,282544
18S-rRNA,69,281148
18S-rRNA,70,274107
18S-rRNA,71,267959
18S-rRNA,72,246348
18S-rRNA,73,241722
18S-rRNA,74,234001
18S-rRNA,75,227579
18S-rRNA,76,209798
18S-rRNA,77,186291
18S-rRNA,78,176332
18S-rRNA,79,174865
18S-rRNA,80,161527
18S-rRNA,81,161882
18S-rRNA,82,151690
18S-rRNA,83,147210
18S-rRNA,84,146225
18S-rRNA,85,150657
18S-rRNA,86,149893
18S-rRNA,87,146800
18S-rRNA,88,143585
18S-rRNA,89,152792
18S-rRNA,90,158512
18S-rRNA,91,159206
18S-rRNA,92,158217
18S-rRNA,93,159251
18S-rRNA,94,157815
18S-rRNA,95,156664
18S-rRNA,96,154634
18S-rRNA,97,155204
18S-rRNA,98,152515
18S-rRNA,99,150463
18S-rRNA,100,149052
18S-rRNA,101,134092
18S-rRNA,102,133600
18S-rRNA,103,132984
18S-rRNA,104,139920
18S-rRNA,105,139308
18S-rRNA,106,133265
18S-rRNA,107,131612
18S-rRNA,108,133209
18S-rRNA,109,131794
18S-rRNA,110,127797
18S-rRNA,111,128231
18S-rRNA,112,139682
18S-rRNA,113,151916
18S-rRNA,114,153846
18S-rRNA,115,157712
18S-rRNA,116,160146
18S-rRNA,117,159712
18S-rRNA,118,159104
18S-rRNA,119,159562
18S-rRNA,120,158220
18S-rRNA,121,169255
18S-rRNA,122,168006
18S-rRNA,123,161207
18S-rRNA,124,157614
18S-rRNA,125,154613
18S-rRNA,126,149351
18S-rRNA,127,143378
18S-rRNA,128,131405
18S-rRNA,129,122803
18S-rRNA,130,107939
18S-rRNA,131,96974
18S-rRNA,132,88916
18S-rRNA,133,86974
18S-rRNA,134,85624
18S-rRNA,135,83437
18S-rRNA,136,88012
18S-rRNA,137,89819
18S-rRNA,138,89838
18S-rRNA,139,88829
18S-rRNA,140,84935
18S-rRNA,141,81483
18S-rRNA,142,83822
18S-rRNA,143,84763
18S-rRNA,144,99553
18S-rRNA,145,105314
18S-rRNA,146,109341
18S-rRNA,147,109659
18S-rRNA,148,109638
18S-rRNA,149,108594
18S-rRNA,150,110595
18S-rRNA,151,110592
18S-rRNA,152,111097
18S-rRNA,153,116817
18S-rRNA,154,118162
18S-rRNA,155,120166
18S-rRNA,156,120996
18S-rRNA,157,120898
18S-rRNA,158,121253
18S-rRNA,159,122907
18S-rRNA,160,122987
18S-rRNA,161,122651
18S-rRNA,162,122818
18S-rRNA,163,124462
18S-rRNA,164,124708
18S-rRNA,165,125676
18S-rRNA,166,126866
18S-rRNA,167,126636
18S-rRNA,168,124205
18S-rRNA,169,117144
18S-rRNA,170,114041
18S-rRNA,171,150409
18S-rRNA,172,171714
18S-rRNA,173,173601
18S-rRNA,174,174806
18S-rRNA,175,173699
18S-rRNA,176,174083
18S-rRNA,177,171292
18S-rRNA,178,168309
18S-rRNA,179,166764
18S-rRNA,180,166577
18S-rRNA,181,161962
18S-rRNA,182,157782
18S-rRNA,183,155902
18S-rRNA,184,154340
18S-rRNA,185,151894
18S-rRNA,186,145650
18S-rRNA,187,141963
18S-rRNA,188,140721
18S-rRNA,189,137407
18S-rRNA,190,135462
18S-rRNA,191,133379
18S-rRNA,192,130136
18S-rRNA,193,124979
18S-rRNA,194,118417
18S-rRNA,195,111191
18S-rRNA,196,97903
18S-rRNA,197,82025
18S-rRNA,198,59181
18S-rRNA,199,39141
18S-rRNA,200,29491
18S-rRNA,201,30588
18S-rRNA,202,35603
18S-rRNA,203,44979
18S-rRNA,204,53696
18S-rRNA,205,69671
18S-rRNA,206,108275
18S-rRNA,207,176128
18S-rRNA,208,218194
18S-rRNA,209,238255
18S-rRNA,210,251824
18S-rRNA,211,255276
18S-rRNA,212,259339
18S-rRNA,213,267211
18S-rRNA,214,268891
18S-rRNA,215,270040
18S-rRNA,216,269896
18S-rRNA,217,267313
18S-rRNA,218,266058
18S-rRNA,219,265062
18S-rRNA,220,262779
18S-rRNA,221,259902
18S-rRNA,222,247191
18S-rRNA,223,230002
18S-rRNA,224,223566
18S-rRNA,225,219027
18S-rRNA,226,211887
18S-rRNA,227,205137
18S-rRNA,228,197686
18S-rRNA,229,179793
18S-rRNA,230,121317
18S-rRNA,231,92626
18S-rRNA,232,93351
18S-rRNA,233,94291
18S-rRNA,234,95621
18S-rRNA,235,96574
18S-rRNA,236,96608
18S-rRNA,237,94951
18S-rRNA,238,92730
18S-rRNA,239,91942
18S-rRNA,240,90580
18S-rRNA,241,86247
18S-rRNA,242,81948
18S-rRNA,243,78824
18S-rRNA,244,76310
18S-rRNA,245,69084
18S-rRNA,246,61733
18S-rRNA,247,59255
18S-rRNA,248,59433
18S-rRNA,249,62385
18S-rRNA,250,63917
18S-rRNA,251,62734
18S-rRNA,252,58486
18S-rRNA,253,54330
18S-rRNA,254,50512
18S-rRNA,255,49151
18S-rRNA,256,46279
18S-rRNA,257,42876
18S-rRNA,258,40063
18S-rRNA,259,37644
18S-rRNA,260,33243
18S-rRNA,261,26129
18S-rRNA,262,20084
18S-rRNA,263,19309
18S-rRNA,264,19628
18S-rRNA,265,19083
18S-rRNA,266,19246
18S-rRNA,267,27036
18S-rRNA,268,28466
18S-rRNA,269,27417
18S-rRNA,270,38844
18S-rRNA,271,39246
18S-rRNA,272,39854
18S-rRNA,273,39888
18S-rRNA,274,40447
18S-rRNA,275,41129
18S-rRNA,276,44100
18S-rRNA,277,45751
18S-rRNA,278,47733
18S-rRNA,279,48275
18S-rRNA,280,49389
18S-rRNA,281,52226
18S-rRNA,282,54157
18S-rRNA,283,52977
18S-rRNA,284,53887
18S-rRNA,285,60478
18S-rRNA,286,63706
18S-rRNA,287,63072
18S-rRNA,288,59634
18S-rRNA,289,55296
18S-rRNA,290,55345
18S-rRNA,291,55863
18S-rRNA,292,55977
18S-rRNA,293,55260
18S-rRNA,294,55419
18S-rRNA,295,56258
18S-rRNA,296,56233
18S-rRNA,297,55102
18S-rRNA,298,52775
18S-rRNA,299,50153
18S-rRNA,300,50736
18S-rRNA,301,51257
18S-rRNA,302,50739
18S-rRNA,303,51168
18S-rRNA,304,50530
18S-rRNA,305,54054
18S-rRNA,306,56280
18S-rRNA,307,56526
18S-rRNA,308,55301
18S-rRNA,309,56517
18S-rRNA,310,57141
18S-rRNA,311,56970
18S-rRNA,312,56778
18S-rRNA,313,56120
18S-rRNA,314,53822
18S-rRNA,315,53321
18S-rRNA,316,52313
18S-rRNA,317,51193
18S-rRNA,318,49873
18S-rRNA,319,49569
18S-rRNA,320,47887
18S-rRNA,321,45874
18S-rRNA,322,44095
18S-rRNA,323,35817
18S-rRNA,324,33627
18S-rRNA,325,30443
18S-rRNA,326,26169
18S-rRNA,327,25120
18S-rRNA,328,23005
18S-rRNA,329,22388
18S-rRNA,330,21351
18S-rRNA,331,20490
18S-rRNA,332,20007
18S-rRNA,333,19960
18S-rRNA,334,19716
18S-rRNA,335,19329
18S-rRNA,336,19281
18S-rRNA,337,17797
18S-rRNA,338,17285
18S-rRNA,339,16991
18S-rRNA,340,16802
18S-rRNA,341,16374
18S-rRNA,342,14890
18S-rRNA,343,14192
18S-rRNA,344,13108
18S-rRNA,345,12155
18S-rRNA,346,11917
18S-rRNA,347,11740
18S-rRNA,348,11381
18S-rRNA,349,10867
18S-rRNA,350,10405
18S-rRNA,351,8880
18S-rRNA,352,7523
18S-rRNA,353,6447
18S-rRNA,354,5750
18S-rRNA,355,4630
18S-rRNA,356,4292
18S-rRNA,357,3783
18S-rRNA,358,3686
18S-rRNA,359,3005
18S-rRNA,360,2545
18S-rRNA,361,2256
18S-rRNA,362,1880
18S-rRNA,363,1290
18S-rRNA,364,1098
18S-rRNA,365,973
18S-rRNA,366,834
18S-rRNA,367,753
18S-rRNA,368,678
18S-rRNA,369,606
18S-rRNA,370,510
18S-rRNA,371,444
18S-rRNA,372,400
18S-rRNA,373,404
18S-rRNA,374,389
18S-rRNA,375,386
18S-rRNA,376,391
18S-rRNA,377,380
18S-rRNA,378,360
18S-rRNA,379,348
18S-rRNA,380,342
18S-rRNA,381,316
18S-rRNA,382,283
18S-rRNA,383,289
18S-rRNA,384,337
18S-rRNA,385,348
18S-rRNA,386,353
18S-rRNA,387,374
18S-rRNA,388,370
18S-rRNA,389,369
18S-rRNA,390,381
18S-rRNA,391,1999
18S-rRNA,392,8819
18S-rRNA,393,13066
18S-rRNA,394,17816
18S-rRNA,395,26161
18S-rRNA,396,38044
18S-rRNA,397,85680
18S-rRNA,398,89261
18S-rRNA,399,112725
18S-rRNA,400,120145
18S-rRNA,401,185546
18S-rRNA,402,196449
18S-rRNA,403,201222
18S-rRNA,404,208435
18S-rRNA,405,291922
18S-rRNA,406,300559
18S-rRNA,407,305219
18S-rRNA,408,311967
18S-rRNA,409,315032
18S-rRNA,410,317019
18S-rRNA,411,318317
18S-rRNA,412,316451
18S-rRNA,413,310502
18S-rRNA,414,296988
18S-rRNA,415,290014
18S-rRNA,416,278558
18S-rRNA,417,250249
18S-rRNA,418,221118
18S-rRNA,419,199608
18S-rRNA,420,153343
18S-rRNA,421,137113
18S-rRNA,422,158514
18S-rRNA,423,158338
18S-rRNA,424,308324
18S-rRNA,425,437741
18S-rRNA,426,470663
18S-rRNA,427,499956
18S-rRNA,428,501969
18S-rRNA,429,532633
18S-rRNA,430,626259
18S-rRNA,431,649065
18S-rRNA,432,649203
18S-rRNA,433,658562
18S-rRNA,434,668160
18S-rRNA,435,669972
18S-rRNA,436,677102
18S-rRNA,437,681324
18S-rRNA,438,681880
18S-rRNA,439,686038
18S-rRNA,440,684788
18S-rRNA,441,682680
18S-rRNA,442,670924
18S-rRNA,443,663280
18S-rRNA,444,632442
18S-rRNA,445,578641
18S-rRNA,446,493626
18S-rRNA,447,427965
18S-rRNA,448,336592
18S-rRNA,449,298796
18S-rRNA,450,231016
18S-rRNA,451,199557
18S-rRNA,452,182716
18S-rRNA,453,170017
18S-rRNA,454,159700
18S-rRNA,455,142925
18S-rRNA,456,130471
18S-rRNA,457,90851
18S-rRNA,458,77848
18S-rRNA,459,69971
18S-rRNA,460,62815
18S-rRNA,461,59655
18S-rRNA,462,51127
18S-rRNA,463,48887
18S-rRNA,464,47514
18S-rRNA,465,46087
18S-rRNA,466,45701
18S-rRNA,467,37941
18S-rRNA,468,37812
18S-rRNA,469,37849
18S-rRNA,470,41247
18S-rRNA,471,45040
18S-rRNA,472,45640
18S-rRNA,473,47643
18S-rRNA,474,49897
18S-rRNA,475,48817
18S-rRNA,476,50773
18S-rRNA,477,51288
18S-rRNA,478,50510
18S-rRNA,479,51446
18S-rRNA,480,52406
18S-rRNA,481,53538
18S-rRNA,482,56757
18S-rRNA,483,58835
18S-rRNA,484,59126
18S-rRNA,485,58998
18S-rRNA,486,58531
18S-rRNA,487,59449
18S-rRNA,488,59270
18S-rRNA,489,56721
18S-rRNA,490,55641
18S-rRNA,491,53560
18S-rRNA,492,53185
18S-rRNA,493,52559
18S-rRNA,494,51179
18S-rRNA,495,50258
18S-rRNA,496,50376
18S-rRNA,497,50251
18S-rRNA,498,51938
18S-rRNA,499,52119
18S-rRNA,500,51234
18S-rRNA,501,57654
18S-rRNA,502,59538
18S-rRNA,503,68268
18S-rRNA,504,133829
18S-rRNA,505,167913
18S-rRNA,506,208807
18S-rRNA,507,210075
18S-rRNA,508,210553
18S-rRNA,509,211193
18S-rRNA,510,211327
18S-rRNA,511,211757
18S-rRNA,512,217251
18S-rRNA,513,217679
18S-rRNA,514,216126
18S-rRNA,515,215175
18S-rRNA,516,215159
18S-rRNA,517,254179
18S-rRNA,518,259695
18S-rRNA,519,264949
18S-rRNA,520,262666
18S-rRNA,521,259518
18S-rRNA,522,234410
18S-rRNA,523,220170
18S-rRNA,524,204291
18S-rRNA,525,183447
18S-rRNA,526,161998
18S-rRNA,527,144029
18S-rRNA,528,134074
18S-rRNA,529,131080
18S-rRNA,530,129969
18S-rRNA,531,127784
18S-rRNA,532,126461
18S-rRNA,533,124532
18S-rRNA,534,123417
18S-rRNA,535,122527
18S-rRNA,536,128344
18S-rRNA,537,153826
18S-rRNA,538,154037
18S-rRNA,539,148737
18S-rRNA,540,133268
18S-rRNA,541,117039
18S-rRNA,542,105353
18S-rRNA,543,103347
18S-rRNA,544,103776
18S-rRNA,545,106571
18S-rRNA,546,107009
18S-rRNA,547,106955
18S-rRNA,548,106910
18S-rRNA,549,106921
18S-rRNA,550,106895
18S-rRNA,551,106753
18S-rRNA,552,106241
18S-rRNA,553,77008
18S-rRNA,554,68235
18S-rRNA,555,67785
18S-rRNA,556,67265
18S-rRNA,557,66851
18S-rRNA,558,66891
18S-rRNA,559,66428
18S-rRNA,560,65379
18S-rRNA,561,65199
18S-rRNA,562,64821
18S-rRNA,563,64591
18S-rRNA,564,64275
18S-rRNA,565,63722
18S-rRNA,566,63405
18S-rRNA,567,62809
18S-rRNA,568,62528
18S-rRNA,569,55907
18S-rRNA,570,51988
18S-rRNA,571,43462
18S-rRNA,572,9935
18S-rRNA,573,8915
18S-rRNA,574,7368
18S-rRNA,575,6833
18S-rRNA,576,6408
18S-rRNA,577,6402
18S-rRNA,578,6446
18S-rRNA,579,6392
18S-rRNA,580,6375
18S-rRNA,581,6282
18S-rRNA,582,5973
18S-rRNA,583,5557
18S-rRNA,584,5302
18S-rRNA,585,5041
18S-rRNA,586,5291
18S-rRNA,587,19030
18S-rRNA,588,49946
18S-rRNA,589,49944
18S-rRNA,590,49920
18S-rRNA,591,49901
18S-rRNA,592,49880
18S-rRNA,593,49857
18S-rRNA,594,49860
18S-rRNA,595,49828
18S-rRNA,596,49558
18S-rRNA,597,49523
18S-rRNA,598,49418
18S-rRNA,599,49364
18S-rRNA,600,49346
18S-rRNA,601,49260
18S-rRNA,602,49042
18S-rRNA,603,49045
18S-rRNA,604,49042
18S-rRNA,605,49014
18S-rRNA,606,49376
18S-rRNA,607,51486
18S-rRNA,608,68401
18S-rRNA,609,74968
18S-rRNA,610,87097
18S-rRNA,611,94261
18S-rRNA,612,95471
18S-rRNA,613,92619
18S-rRNA,614,91209
18S-rRNA,615,100122
18S-rRNA,616,98914
18S-rRNA,617,100903
18S-rRNA,618,103277
18S-rRNA,619,106713
18S-rRNA,620,103701
18S-rRNA,621,97529
18S-rRNA,622,110327
18S-rRNA,623,118622
18S-rRNA,624,125496
18S-rRNA,625,131444
18S-rRNA,626,134597
18S-rRNA,627,139361
18S-rRNA,628,141464
18S-rRNA,629,140503
18S-rRNA,630,138424
18S-rRNA,631,132600
18S-rRNA,632,126076
18S-rRNA,633,120797
18S-rRNA,634,108000
18S-rRNA,635,103765
18S-rRNA,636,98223
18S-rRNA,637,95500
18S-rRNA,638,92535
18S-rRNA,639,87713
18S-rRNA,640,82013
18S-rRNA,641,75213
18S-rRNA,642,66959
18S-rRNA,643,56266
18S-rRNA,644,47639
18S-rRNA,645,38748
18S-rRNA,646,36703
18S-rRNA,647,36380
18S-rRNA,648,35420
18S-rRNA,649,32781
18S-rRNA,650,28960
18S-rRNA,651,26507
18S-rRNA,652,25869
18S-rRNA,653,25310
18S-rRNA,654,24396
18S-rRNA,655,22833
18S-rRNA,656,22385
18S-rRNA,657,22334
18S-rRNA,658,22508
18S-rRNA,659,22739
18S-rRNA,660,22590
18S-rRNA,661,22169
18S-rRNA,662,21871
18S-rRNA,663,20582
18S-rRNA,664,14111
18S-rRNA,665,13575
18S-rRNA,666,13188
18S-rRNA,667,12006
18S-rRNA,668,12229
18S-rRNA,669,12176
18S-rRNA,670,12073
18S-rRNA,671,12430
18S-rRNA,672,12407
18S-rRNA,673,12262
18S-rRNA,674,12339
18S-rRNA,675,12988
18S-rRNA,676,12964
18S-rRNA,677,12768
18S-rRNA,678,12252
18S-rRNA,679,12736
18S-rRNA,680,12740
18S-rRNA,681,12585
18S-rRNA,682,12653
18S-rRNA,683,14222
18S-rRNA,684,14304
18S-rRNA,685,15656
18S-rRNA,686,17745
18S-rRNA,687,17703
18S-rRNA,688,18957
18S-rRNA,689,19061
18S-rRNA,690,19609
18S-rRNA,691,27196
18S-rRNA,692,34787
18S-rRNA,693,36494
18S-rRNA,694,37527
18S-rRNA,695,37745
18S-rRNA,696,38987
18S-rRNA,697,38928
18S-rRNA,698,39052
18S-rRNA,699,39424
18S-rRNA,700,39473
18S-rRNA,701,39303
18S-rRNA,702,39567
18S-rRNA,703,39530
18S-rRNA,704,41089
18S-rRNA,705,41282
18S-rRNA,706,50091
18S-rRNA,707,50698
18S-rRNA,708,50687
18S-rRNA,709,48768
18S-rRNA,710,47963
18S-rRNA,711,47386
18S-rRNA,712,46407
18S-rRNA,713,44068
18S-rRNA,714,43160
18S-rRNA,715,42452
18S-rRNA,716,40129
18S-rRNA,717,39089
18S-rRNA,718,40093
18S-rRNA,719,39690
18S-rRNA,720,39151
18S-rRNA,721,38639
18S-rRNA,722,36938
18S-rRNA,723,36900
18S-rRNA,724,35250
18S-rRNA,725,24546
18S-rRNA,726,19452
18S-rRNA,727,20943
18S-rRNA,728,22567
18S-rRNA,729,21938
18S-rRNA,730,13126
18S-rRNA,731,12631
18S-rRNA,732,11185
18S-rRNA,733,10938
18S-rRNA,734,10860
18S-rRNA,735,11310
18S-rRNA,736,11379
18S-rRNA,737,11915
18S-rRNA,738,11976
18S-rRNA,739,12592
18S-rRNA,740,12931
18S-rRNA,741,13286
18S-rRNA,742,13878
18S-rRNA,743,12847
18S-rRNA,744,10961
18S-rRNA,745,9213
18S-rRNA,746,8057
18S-rRNA,747,7787
18S-rRNA,748,7698
18S-rRNA,749,7641
18S-rRNA,750,7589
18S-rRNA,751,7548
18S-rRNA,752,7511
18S-rRNA,753,7476
18S-rRNA,754,7458
18S-rRNA,755,7366
18S-rRNA,756,7186
18S-rRNA,757,6443
18S-rRNA,758,6370
18S-rRNA,759,5916
18S-rRNA,760,5477
18S-rRNA,761,4947
18S-rRNA,762,4071
18S-rRNA,763,3352
18S-rRNA,764,2878
18S-rRNA,765,2779
18S-rRNA,766,2617
18S-rRNA,767,2498
18S-rRNA,768,2385
18S-rRNA,769,2306
18S-rRNA,770,1841
18S-rRNA,771,1738
18S-rRNA,772,1021
18S-rRNA,773,346
18S-rRNA,774,213
18S-rRNA,775,197
18S-rRNA,776,189
18S-rRNA,777,182
18S-rRNA,778,180
18S-rRNA,779,180
18S-rRNA,780,177
18S-rRNA,781,175
18S-rRNA,782,175
18S-rRNA,783,175
18S-rRNA,784,175
18S-rRNA,785,169
18S-rRNA,786,167
18S-rRNA,787,167
18S-rRNA,788,167
18S-rRNA,789,164
18S-rRNA,790,164
18S-rRNA,791,164
18S-rRNA,792,161
18S-rRNA,793,161
18S-rRNA,794,151
18S-rRNA,795,139
18S-rRNA,796,139
18S-rRNA,797,137
18S-rRNA,798,137
18S-rRNA,799,137
18S-rRNA,800,137
18S-rRNA,801,137
18S-rRNA,802,137
18S-rRNA,803,131
18S-rRNA,804,115
18S-rRNA,805,107
18S-rRNA,806,101
18S-rRNA,807,92
18S-rRNA,808,80
18S-rRNA,809,40
18S-rRNA,810,12
18S-rRNA,811,5
18S-rRNA,812,3
18S-rRNA,813,3
18S-rRNA,814,3
18S-rRNA,815,3
18S-rRNA,816,3
18S-rRNA,817,3
18S-rRNA,818,3
18S-rRNA,819,3
18S-rRNA,820,3
18S-rRNA,821,3
18S-rRNA,822,3
18S-rRNA,823,3
18S-rRNA,824,3
18S-rRNA,825,3
18S-rRNA,826,3
18S-rRNA,1758,2
18S-rRNA,1759,2
18S-rRNA,1760,2
18S-rRNA,1761,14
18S-rRNA,1762,336
18S-rRNA,1763,464
18S-rRNA,1764,10092
18S-rRNA,1765,10224
18S-rRNA,1766,11048
18S-rRNA,1767,11113
18S-rRNA,1768,11127
18S-rRNA,1769,11140
18S-rRNA,1770,11152
18S-rRNA,1771,11241
18S-rRNA,1772,11254
18S-rRNA,1773,11426
18S-rRNA,1774,11601
18S-rRNA,1775,11623
18S-rRNA,1776,11690
18S-rRNA,1777,11724
18S-rRNA,1778,11724
18S-rRNA,1779,11724
18S-rRNA,1780,11724
18S-rRNA,1781,11724
18S-rRNA,1782,11724
18S-rRNA,1783,11726
18S-rRNA,1784,11726
18S-rRNA,1785,11676
18S-rRNA,1786,11663
18S-rRNA,1787,11683
18S-rRNA,1788,11671
18S-rRNA,1789,11636
18S-rRNA,1790,11619
18S-rRNA,1791,11504
18S-rRNA,1792,11350
18S-rRNA,1793,11189
18S-rRNA,1794,10987
18S-rRNA,1795,10794
18S-rRNA,1796,10677
18S-rRNA,1797,10167
18S-rRNA,1798,9983
18S-rRNA,1799,9437
18S-rRNA,1800,5630
18S-rRNA,1801,5202
18S-rRNA,1802,4855
18S-rRNA,1803,4762
18S-rRNA,1804,4058
18S-rRNA,1805,3649
18S-rRNA,1806,3554
18S-rRNA,1807,3526
18S-rRNA,1808,3510
18S-rRNA,1809,1937
18S-rRNA,1810,1691
18S-rRNA,1811,1628
18S-rRNA,1812,1586
18S-rRNA,1813,1479
18S-rRNA,1814,1390
18S-rRNA,1815,1380
18S-rRNA,1816,1382
18S-rRNA,1817,1366
18S-rRNA,1818,1345
18S-rRNA,1819,1302
18S-rRNA,1820,1244
18S-rRNA,1821,1185
18S-rRNA,1822,1059
18S-rRNA,1823,937
18S-rRNA,1824,776
18S-rRNA,1825,747
18S-rRNA,1826,722
18S-rRNA,1827,664
18S-rRNA,1828,667
18S-rRNA,1829,661
18S-rRNA,1830,632
18S-rRNA,1831,612
18S-rRNA,1832,672
18S-rRNA,1833,673
18S-rRNA,1834,664
18S-rRNA,1835,682
18S-rRNA,1836,687
18S-rRNA,1837,689
18S-rRNA,1838,684
18S-rRNA,1839,676
18S-rRNA,1840,681
18S-rRNA,1841,673
18S-rRNA,1842,673
18S-rRNA,1843,669
18S-rRNA,1844,664
18S-rRNA,1845,664
18S-rRNA,1846,669
18S-rRNA,1847,663
18S-rRNA,1848,666
18S-rRNA,1849,666
18S-rRNA,1850,655
18S-rRNA,1851,649
18S-rRNA,1852,656
18S-rRNA,1853,657
18S-rRNA,1854,642
18S-rRNA,1855,682
18S-rRNA,1856,738
18S-rRNA,1857,1126
18S-rRNA,1858,1597
18S-rRNA,1859,1595
18S-rRNA,1860,1586
18S-rRNA,1861,1586
18S-rRNA,1862,1584
18S-rRNA,1863,1584
18S-rRNA,1864,1582
18S-rRNA,1865,1568
18S-rRNA,1866,1539
18S-rRNA,1867,1458
18S-rRNA,1868,1398
18S-rRNA,1869,1384
18S-rRNA,1870,1361
18S-rRNA,1871,1316
18S-rRNA,1872,1274
28S-rRNA,1,925262
28S-rRNA,2,1037589
28S-rRNA,3,1083269
28S-rRNA,4,1143260
28S-rRNA,5,1158739
28S-rRNA,6,1167692
28S-rRNA,7,1181706
28S-rRNA,8,1195433
28S-rRNA,9,1206053
28S-rRNA,10,1240314
28S-rRNA,11,1251624
28S-rRNA,12,1263853
28S-rRNA,13,1269730
28S-rRNA,14,1276840
28S-rRNA,15,1306252
28S-rRNA,16,1344222
28S-rRNA,17,1351754
28S-rRNA,18,1346830
28S-rRNA,19,1338999
28S-rRNA,20,1312028
28S-rRNA,21,1307016
28S-rRNA,22,1304681
28S-rRNA,23,1300535
28S-rRNA,24,1296459
28S-rRNA,25,1266959
28S-rRNA,26,1257388
28S-rRNA,27,1236572
28S-rRNA,28,1210778
28S-rRNA,29,1180432
28S-rRNA,30,1159325
28S-rRNA,31,1119758
28S-rRNA,32,978307
28S-rRNA,33,958582
28S-rRNA,34,897719
28S-rRNA,35,753693
28S-rRNA,36,535027
28S-rRNA,37,452879
28S-rRNA,38,402267
28S-rRNA,39,394081
28S-rRNA,40,388742
28S-rRNA,41,378009
28S-rRNA,42,354326
28S-rRNA,43,341879
28S-rRNA,44,339924
28S-rRNA,45,337398
28S-rRNA,46,337659
28S-rRNA,47,341393
28S-rRNA,48,346338
28S-rRNA,49,350461
28S-rRNA,50,354069
28S-rRNA,51,360167
28S-rRNA,52,362611
28S-rRNA,53,365970
28S-rRNA,54,374960
28S-rRNA,55,382781
28S-rRNA,56,385556
28S-rRNA,57,381912
28S-rRNA,58,385105
28S-rRNA,59,382987
28S-rRNA,60,380153
28S-rRNA,61,375979
28S-rRNA,62,371700
28S-rRNA,63,366817
28S-rRNA,64,344124
28S-rRNA,65,323675
28S-rRNA,66,305081
28S-rRNA,67,280515
28S-rRNA,68,228776
28S-rRNA,69,203780
28S-rRNA,70,203520
28S-rRNA,71,201453
28S-rRNA,72,196371
28S-rRNA,73,193242
28S-rRNA,74,196933
28S-rRNA,75,195349
28S-rRNA,76,188426
28S-rRNA,77,179934
28S-rRNA,78,170127
28S-rRNA,79,167060
28S-rRNA,80,163657
28S-rRNA,81,161745
28S-rRNA,82,157591
28S-rRNA,83,159505
28S-rRNA,84,158358
28S-rRNA,85,158314
28S-rRNA,86,155434
28S-rRNA,87,154272
28S-rRNA,88,154441
28S-rRNA,89,153509
28S-rRNA,90,160533
28S-rRNA,91,159575
28S-rRNA,92,162975
28S-rRNA,93,165279
28S-rRNA,94,180011
28S-rRNA,95,180219
28S-rRNA,96,180474
28S-rRNA,97,180916
28S-rRNA,98,183466
28S-rRNA,99,184946
28S-rRNA,100,184410
28S-rRNA,101,184750
28S-rRNA,102,185637
28S-rRNA,103,187149
28S-rRNA,104,188711
28S-rRNA,105,186984
28S-rRNA,106,171262
28S-rRNA,107,171074
28S-rRNA,108,180617
28S-rRNA,109,178718
28S-rRNA,110,175389
28S-rRNA,111,171434
28S-rRNA,112,166777
28S-rRNA,113,164658
28S-rRNA,114,163323
28S-rRNA,115,163276
28S-rRNA,116,162016
28S-rRNA,117,167226
28S-rRNA,118,165639
28S-rRNA,119,164363
28S-rRNA,120,163080
28S-rRNA,121,161863
28S-rRNA,122,160897
28S-rRNA,123,159613
28S-rRNA,124,158111
28S-rRNA,125,155742
28S-rRNA,126,148032
28S-rRNA,127,124540
28S-rRNA,128,114375
28S-rRNA,129,105246
28S-rRNA,130,135303
28S-rRNA,131,127453
28S-rRNA,132,109179
28S-rRNA,133,102799
28S-rRNA,134,130881
28S-rRNA,135,141805
28S-rRNA,136,148691
28S-rRNA,137,158101
28S-rRNA,138,162923
28S-rRNA,139,166660
28S-rRNA,140,169581
28S-rRNA,141,189861
28S-rRNA,142,210848
28S-rRNA,143,218680
28S-rRNA,144,221326
28S-rRNA,145,224456
28S-rRNA,146,224301
28S-rRNA,147,223967
28S-rRNA,148,223695
28S-rRNA,149,223412
28S-rRNA,150,222942
28S-rRNA,151,222007
28S-rRNA,152,218935
28S-rRNA,153,216330
28S-rRNA,154,210070
28S-rRNA,155,204394
28S-rRNA,156,198368
28S-rRNA,157,194605
28S-rRNA,158,186054
28S-rRNA,159,182438
28S-rRNA,160,179023
28S-rRNA,161,174935
28S-rRNA,162,171981
28S-rRNA,163,169212
28S-rRNA,164,163903
28S-rRNA,165,143198
28S-rRNA,166,124008
28S-rRNA,167,82213
28S-rRNA,168,43662
28S-rRNA,169,28119
28S-rRNA,170,24843
28S-rRNA,171,22963
28S-rRNA,172,22162
28S-rRNA,173,22285
28S-rRNA,174,22291
28S-rRNA,175,22799
28S-rRNA,176,23282
28S-rRNA,177,23149
28S-rRNA,178,21997
28S-rRNA,179,20697
28S-rRNA,180,19492
28S-rRNA,181,18167
28S-rRNA,182,17455
28S-rRNA,183,17547
28S-rRNA,184,17923
28S-rRNA,185,19566
28S-rRNA,186,21329
28S-rRNA,187,26172
28S-rRNA,188,28932
28S-rRNA,189,31210
28S-rRNA,190,31409
28S-rRNA,191,31144
28S-rRNA,192,31397
28S-rRNA,193,30846
28S-rRNA,194,32169
28S-rRNA,195,32564
28S-rRNA,196,33493
28S-rRNA,197,32749
28S-rRNA,198,32677
28S-rRNA,199,32372
28S-rRNA,200,31778
28S-rRNA,201,30939
28S-rRNA,202,30410
28S-rRNA,203,31156
28S-rRNA,204,32028
28S-rRNA,205,32144
28S-rRNA,206,33918
28S-rRNA,207,35325
28S-rRNA,208,39326
28S-rRNA,209,42837
28S-rRNA,210,43422
28S-rRNA,211,44069
28S-rRNA,212,44000
28S-rRNA,213,44167
28S-rRNA,214,44095
28S-rRNA,215,45274
28S-rRNA,216,45244
28S-rRNA,217,47855
28S-rRNA,218,62600
28S-rRNA,219,85175
28S-rRNA,220,87300
28S-rRNA,221,92855
28S-rRNA,222,100963
28S-rRNA,223,108620
28S-rRNA,224,117112
28S-rRNA,225,116691
28S-rRNA,226,119529
28S-rRNA,227,119759
28S-rRNA,228,119143
28S-rRNA,229,120489
28S-rRNA,230,120567
28S-rRNA,231,121714
28S-rRNA,232,120413
28S-rRNA,233,120228
28S-rRNA,234,117895
28S-rRNA,235,116999
28S-rRNA,236,116308
28S-rRNA,237,113794
28S-rRNA,238,109825
28S-rRNA,239,101008
28S-rRNA,240,92595
28S-rRNA,241,90205
28S-rRNA,242,75385
28S-rRNA,243,58402
28S-rRNA,244,58755
28S-rRNA,245,58648
28S-rRNA,246,58561
28S-rRNA,247,57341
28S-rRNA,248,55831
28S-rRNA,249,53802
28S-rRNA,250,52142
28S-rRNA,251,49058
28S-rRNA,252,48148
28S-rRNA,253,47394
28S-rRNA,254,45792
28S-rRNA,255,41053
28S-rRNA,256,38116
28S-rRNA,257,36722
28S-rRNA,258,33288
28S-rRNA,259,30958
28S-rRNA,260,27843
28S-rRNA,261,26685
28S-rRNA,262,24898
28S-rRNA,263,19698
28S-rRNA,264,14117
28S-rRNA,265,7714
28S-rRNA,266,9355
28S-rRNA,267,11000
28S-rRNA,268,13390
28S-rRNA,269,15910
28S-rRNA,270,18041
28S-rRNA,271,18876
28S-rRNA,272,24339
28S-rRNA,273,27852
28S-rRNA,274,28663
28S-rRNA,275,32028
28S-rRNA,276,38472
28S-rRNA,277,45885
28S-rRNA,278,45834
28S-rRNA,279,45713
28S-rRNA,280,45539
28S-rRNA,281,44966
28S-rRNA,282,44602
28S-rRNA,283,44566
28S-rRNA,284,44421
28S-rRNA,285,44339
28S-rRNA,286,44032
28S-rRNA,287,43212
28S-rRNA,288,43032
28S-rRNA,289,42965
28S-rRNA,290,42391
28S-rRNA,291,42300
28S-rRNA,292,42848
28S-rRNA,293,47792
28S-rRNA,294,49270
28S-rRNA,295,49635
28S-rRNA,296,50979
28S-rRNA,297,50966
28S-rRNA,298,50782
28S-rRNA,299,50604
28S-rRNA,300,50742
28S-rRNA,301,50766
28S-rRNA,302,50639
28S-rRNA,303,50539
28S-rRNA,304,50660
28S-rRNA,305,50245
28S-rRNA,306,50262
28S-rRNA,307,50957
28S-rRNA,308,51419
28S-rRNA,309,50012
28S-rRNA,310,48556
28S-rRNA,311,46075
28S-rRNA,312,43153
28S-rRNA,313,39291
28S-rRNA,314,37745
28S-rRNA,315,38101
28S-rRNA,316,41233
28S-rRNA,317,40258
28S-rRNA,318,42852
28S-rRNA,319,51711
28S-rRNA,320,56187
28S-rRNA,321,55054
28S-rRNA,322,55441
28S-rRNA,323,57550
28S-rRNA,324,61994
28S-rRNA,325,64832
28S-rRNA,326,64894
28S-rRNA,327,68112
28S-rRNA,328,68393
28S-rRNA,329,69570
28S-rRNA,330,71025
28S-rRNA,331,73757
28S-rRNA,332,74336
28S-rRNA,333,75493
28S-rRNA,334,76886
28S-rRNA,335,76608
28S-rRNA,336,76608
28S-rRNA,337,76583
28S-rRNA,338,77092
28S-rRNA,339,76913
28S-rRNA,340,70762
28S-rRNA,341,73954
28S-rRNA,342,74429
28S-rRNA,343,74997
28S-rRNA,344,75726
28S-rRNA,345,76479
28S-rRNA,346,78190
28S-rRNA,347,76849
28S-rRNA,348,77037
28S-rRNA,349,76976
28S-rRNA,350,77668
28S-rRNA,351,82252
28S-rRNA,352,95843
28S-rRNA,353,97495
28S-rRNA,354,94674
28S-rRNA,355,97105
28S-rRNA,356,98804
28S-rRNA,357,95424
28S-rRNA,358,94961
28S-rRNA,359,124152
28S-rRNA,360,127569
28S-rRNA,361,127354
28S-rRNA,362,126869
28S-rRNA,363,127040
28S-rRNA,364,126954
28S-rRNA,365,126162
28S-rRNA,366,125437
28S-rRNA,367,125216
28S-rRNA,368,124973
28S-rRNA,369,124968
28S-rRNA,370,123953
28S-rRNA,371,122826
28S-rRNA,372,134843
28S-rRNA,373,138548
28S-rRNA,374,139415
28S-rRNA,375,139773
28S-rRNA,376,139637
28S-rRNA,377,139247
28S-rRNA,378,138451
28S-rRNA,379,138000
28S-rRNA,380,132652
28S-rRNA,381,93502
28S-rRNA,382,93077
28S-rRNA,383,92757
28S-rRNA,384,92200
28S-rRNA,385,91684
28S-rRNA,386,91442
28S-rRNA,387,91186
28S-rRNA,388,83999
28S-rRNA,389,70851
28S-rRNA,390,63348
28S-rRNA,391,50642
28S-rRNA,392,41522
28S-rRNA,393,38930
28S-rRNA,394,38302
28S-rRNA,395,37324
28S-rRNA,396,36367
28S-rRNA,397,36176
28S-rRNA,398,34867
28S-rRNA,399,34582
28S-rRNA,400,33776
28S-rRNA,401,33241
28S-rRNA,402,23971
28S-rRNA,403,21227
28S-rRNA,404,23160
28S-rRNA,405,32647
28S-rRNA,406,35842
28S-rRNA,407,44552
28S-rRNA,408,112136
28S-rRNA,409,132694
28S-rRNA,410,384799
28S-rRNA,411,414162
28S-rRNA,412,632233
28S-rRNA,413,681311
28S-rRNA,414,755964
28S-rRNA,415,822491
28S-rRNA,416,858074
28S-rRNA,417,879076
28S-rRNA,418,887426
28S-rRNA,419,889605
28S-rRNA,420,890384
28S-rRNA,421,891476
28S-rRNA,422,908610
28S-rRNA,423,942915
28S-rRNA,424,948471
28S-rRNA,425,968856
28S-rRNA,426,981102
28S-rRNA,427,1002283
28S-rRNA,428,1024159
28S-rRNA,429,1066897
28S-rRNA,430,1093141
28S-rRNA,431,1091336
28S-rRNA,432,1089415
28S-rRNA,433,1165714
28S-rRNA,434,1218606
28S-rRNA,435,1257060
28S-rRNA,436,1261680
28S-rRNA,437,1272909
28S-rRNA,438,1279243
28S-rRNA,439,1283520
28S-rRNA,440,1296555
28S-rRNA,441,1300538
28S-rRNA,442,1301897
28S-rRNA,443,1292879
28S-rRNA,444,1280756
28S-rRNA,445,1266874
28S-rRNA,446,1243385
28S-rRNA,447,1234310
28S-rRNA,448,1218519
28S-rRNA,449,1200215
28S-rRNA,450,1178389
28S-rRNA,451,1150416
28S-rRNA,452,1111701
28S-rRNA,453,1099467
28S-rRNA,454,1070395
28S-rRNA,455,1048155
28S-rRNA,456,1041169
28S-rRNA,457,1029968
28S-rRNA,458,1023824
28S-rRNA,459,1002416
28S-rRNA,460,900481
28S-rRNA,461,860596
28S-rRNA,462,842038
28S-rRNA,463,725133
28S-rRNA,464,649104
28S-rRNA,465,544617
28S-rRNA,466,381514
28S-rRNA,467,218791
28S-rRNA,468,69049
28S-rRNA,469,50981
28S-rRNA,470,50072
28S-rRNA,471,64330
28S-rRNA,472,68740
28S-rRNA,473,69290
28S-rRNA,474,72772
28S-rRNA,475,74269
28S-rRNA,476,74823
28S-rRNA,477,73669
28S-rRNA,478,73146
28S-rRNA,479,72577
28S-rRNA,480,72852
28S-rRNA,481,72373
28S-rRNA,482,74176
28S-rRNA,483,90484
28S-rRNA,484,104840
28S-rRNA,485,141564
28S-rRNA,486,144711
28S-rRNA,487,149087
28S-rRNA,488,152424
28S-rRNA,489,156227
28S-rRNA,490,155984
28S-rRNA,491,154358
28S-rRNA,492,153127
28S-rRNA,493,152315
28S-rRNA,494,150389
28S-rRNA,495,149132
28S-rRNA,496,148571
28S-rRNA,497,148180
28S-rRNA,498,149137
28S-rRNA,499,149190
28S-rRNA,500,146999
28S-rRNA,501,144510
28S-rRNA,502,144505
28S-rRNA,503,129693
28S-rRNA,504,124348
28S-rRNA,505,120176
28S-rRNA,506,117867
28S-rRNA,507,111564
28S-rRNA,508,106341
28S-rRNA,509,100957
28S-rRNA,510,99121
28S-rRNA,511,103388
28S-rRNA,512,97234
28S-rRNA,513,84518
28S-rRNA,514,74530
28S-rRNA,515,73362
28S-rRNA,516,73928
28S-rRNA,517,76096
28S-rRNA,518,77745
28S-rRNA,519,78842
28S-rRNA,520,81794
28S-rRNA,521,82472
28S-rRNA,522,82077
28S-rRNA,523,79774
28S-rRNA,524,77927
28S-rRNA,525,77644
28S-rRNA,526,78061
28S-rRNA,527,78373
28S-rRNA,528,73273
28S-rRNA,529,67116
28S-rRNA,530,53810
28S-rRNA,531,54025
28S-rRNA,532,54777
28S-rRNA,533,58150
28S-rRNA,534,58541
28S-rRNA,535,58327
28S-rRNA,536,57681
28S-rRNA,537,57401
28S-rRNA,538,56363
28S-rRNA,539,55027
28S-rRNA,540,54536
28S-rRNA,541,53064
28S-rRNA,542,47875
28S-rRNA,543,36702
28S-rRNA,544,28039
28S-rRNA,545,25171
28S-rRNA,546,24529
28S-rRNA,547,24615
28S-rRNA,548,24468
28S-rRNA,549,24179
28S-rRNA,550,24084
28S-rRNA,551,22994
28S-rRNA,552,22658
28S-rRNA,553,23199
28S-rRNA,554,24088
28S-rRNA,555,24439
28S-rRNA,556,24514
28S-rRNA,557,23109
28S-rRNA,558,24917
28S-rRNA,559,33750
28S-rRNA,560,64809
28S-rRNA,561,217834
28S-rRNA,562,336104
28S-rRNA,563,417041
28S-rRNA,564,463754
28S-rRNA,565,488763
28S-rRNA,566,501989
28S-rRNA,567,509000
28S-rRNA,568,537966
28S-rRNA,569,548928
28S-rRNA,570,551775
28S-rRNA,571,555287
28S-rRNA,572,567166
28S-rRNA,573,567668
28S-rRNA,574,579265
28S-rRNA,575,580976
28S-rRNA,576,585614
28S-rRNA,577,597766
28S-rRNA,578,596127
28S-rRNA,579,561538
28S-rRNA,580,543266
28S-rRNA,581,535859
28S-rRNA,582,512543
28S-rRNA,583,427399
28S-rRNA,584,375469
28S-rRNA,585,356329
28S-rRNA,586,317122
28S-rRNA,587,258362
28S-rRNA,588,228251
28S-rRNA,589,220392
28S-rRNA,590,214741
28S-rRNA,591,208440
28S-rRNA,592,199718
28S-rRNA,593,166857
28S-rRNA,594,144395
28S-rRNA,595,131642
28S-rRNA,596,119557
28S-rRNA,597,110591
28S-rRNA,598,107432
28S-rRNA,599,103528
28S-rRNA,600,97383
28S-rRNA,601,92698
28S-rRNA,602,88321
28S-rRNA,603,68425
28S-rRNA,604,33314
28S-rRNA,605,26216
28S-rRNA,606,33367
28S-rRNA,607,41821
28S-rRNA,608,54045
28S-rRNA,609,67483
28S-rRNA,610,72330
28S-rRNA,611,74006
28S-rRNA,612,75323
28S-rRNA,613,73966
28S-rRNA,614,72243
28S-rRNA,615,71774
28S-rRNA,616,73050
28S-rRNA,617,86222
28S-rRNA,618,98984
28S-rRNA,619,101140
28S-rRNA,620,206490
28S-rRNA,621,240082
28S-rRNA,622,257034
28S-rRNA,623,256272
28S-rRNA,624,253710
28S-rRNA,625,250117
28S-rRNA,626,250781
28S-rRNA,627,259172
28S-rRNA,628,257273
28S-rRNA,629,267103
28S-rRNA,630,268180
28S-rRNA,631,268937
28S-rRNA,632,272988
28S-rRNA,633,269356
28S-rRNA,634,269274
28S-rRNA,635,268727
28S-rRNA,636,250565
28S-rRNA,637,245924
28S-rRNA,638,215218
28S-rRNA,639,189579
28S-rRNA,640,181044
28S-rRNA,641,187424
28S-rRNA,642,182961
28S-rRNA,643,167528
28S-rRNA,644,135018
28S-rRNA,645,119663
28S-rRNA,646,100972
28S-rRNA,647,83571
28S-rRNA,648,81844
28S-rRNA,649,82367
28S-rRNA,650,83707
28S-rRNA,651,82926
28S-rRNA,652,83562
28S-rRNA,653,103427
28S-rRNA,654,130335
28S-rRNA,655,146868
28S-rRNA,656,149899
28S-rRNA,657,160717
28S-rRNA,658,158353
28S-rRNA,659,158627
28S-rRNA,660,157055
28S-rRNA,661,154213
28S-rRNA,662,147534
28S-rRNA,663,142686
28S-rRNA,664,135963
28S-rRNA,665,136384
28S-rRNA,666,133448
28S-rRNA,667,132682
28S-rRNA,668,129065
28S-rRNA,669,126745
28S-rRNA,670,117257
28S-rRNA,671,111031
28S-rRNA,672,94086
28S-rRNA,673,77065
28S-rRNA,674,30758
28S-rRNA,675,27051
28S-rRNA,676,27035
28S-rRNA,677,28015
28S-rRNA,678,27361
28S-rRNA,679,30925
28S-rRNA,680,31240
28S-rRNA,681,30598
28S-rRNA,682,27932
28S-rRNA,683,26909
28S-rRNA,684,28311
28S-rRNA,685,26769
28S-rRNA,686,25827
28S-rRNA,687,25502
28S-rRNA,688,25577
28S-rRNA,689,25362
28S-rRNA,690,26070
28S-rRNA,691,25678
28S-rRNA,692,26454
28S-rRNA,693,25326
28S-rRNA,694,26810
28S-rRNA,695,24436
28S-rRNA,696,23578
28S-rRNA,697,22567
28S-rRNA,698,21104
28S-rRNA,699,19078
28S-rRNA,700,18501
28S-rRNA,701,18740
28S-rRNA,702,18822
28S-rRNA,703,18850
28S-rRNA,704,18362
28S-rRNA,705,19483
28S-rRNA,706,20000
28S-rRNA,707,19771
28S-rRNA,708,20921
28S-rRNA,709,18215
28S-rRNA,710,17624
28S-rRNA,711,17303
28S-rRNA,712,17436
28S-rRNA,713,17728
28S-rRNA,714,17801
28S-rRNA,715,17350
28S-rRNA,716,14737
28S-rRNA,717,13579
28S-rRNA,718,13288
28S-rRNA,719,12961
28S-rRNA,720,12976
28S-rRNA,721,11949
28S-rRNA,722,11906
28S-rRNA,723,10236
28S-rRNA,724,9800
28S-rRNA,725,8324
28S-rRNA,726,5501
28S-rRNA,727,4370
28S-rRNA,728,4572
28S-rRNA,729,11851
28S-rRNA,730,15137
28S-rRNA,731,21136
28S-rRNA,732,27879
28S-rRNA,733,27965
28S-rRNA,734,27861
28S-rRNA,735,29873
28S-rRNA,736,30892
28S-rRNA,737,31024
28S-rRNA,738,33508
28S-rRNA,739,36465
28S-rRNA,740,41183
28S-rRNA,741,41339
28S-rRNA,742,42993
28S-rRNA,743,78061
28S-rRNA,744,83004
28S-rRNA,745,83071
28S-rRNA,746,83846
28S-rRNA,747,86494
28S-rRNA,748,89009
28S-rRNA,749,90393
28S-rRNA,750,101579
28S-rRNA,751,109200
28S-rRNA,752,114226
28S-rRNA,753,122089
28S-rRNA,754,133869
28S-rRNA,755,140241
28S-rRNA,756,152360
28S-rRNA,757,161127
28S-rRNA,758,164850
28S-rRNA,759,166346
28S-rRNA,760,169816
28S-rRNA,761,170016
28S-rRNA,762,174067
28S-rRNA,763,174160
28S-rRNA,764,173663
28S-rRNA,765,170416
28S-rRNA,766,165304
28S-rRNA,767,160253
28S-rRNA,768,155811
28S-rRNA,769,155405
28S-rRNA,770,154284
28S-rRNA,771,146661
28S-rRNA,772,142374
28S-rRNA,773,144466
28S-rRNA,774,143586
28S-rRNA,775,126989
28S-rRNA,776,105664
28S-rRNA,777,100082
28S-rRNA,778,95784
28S-rRNA,779,89472
28S-rRNA,780,87042
28S-rRNA,781,85392
28S-rRNA,782,85641
28S-rRNA,783,86434
28S-rRNA,784,102253
28S-rRNA,785,116666
28S-rRNA,786,125594
28S-rRNA,787,130402
28S-rRNA,788,127241
28S-rRNA,789,124495
28S-rRNA,790,122008
28S-rRNA,791,119034
28S-rRNA,792,112904
28S-rRNA,793,102464
28S-rRNA,794,96053
28S-rRNA,795,96671
28S-rRNA,796,97089
28S-rRNA,797,95312
28S-rRNA,798,95661
28S-rRNA,799,95929
28S-rRNA,800,91310
28S-rRNA,801,81930
28S-rRNA,802,66451
28S-rRNA,803,63390
28S-rRNA,804,59626
28S-rRNA,805,54919
28S-rRNA,806,46417
28S-rRNA,807,36625
28S-rRNA,808,30635
28S-rRNA,809,28984
28S-rRNA,810,24344
28S-rRNA,811,22179
28S-rRNA,812,21613
28S-rRNA,813,20327
28S-rRNA,814,19787
28S-rRNA,815,19405
28S-rRNA,816,18733
28S-rRNA,817,18211
28S-rRNA,818,17223
28S-rRNA,819,16685
28S-rRNA,820,16218
28S-rRNA,821,15645
28S-rRNA,822,14242
28S-rRNA,823,13175
28S-rRNA,824,12286
28S-rRNA,825,11397
28S-rRNA,826,12249
28S-rRNA,827,11854
28S-rRNA,828,11804
28S-rRNA,829,11296
28S-rRNA,830,9160
28S-rRNA,831,7261
28S-rRNA,832,7019
28S-rRNA,833,8418
28S-rRNA,834,9510
28S-rRNA,835,10000
28S-rRNA,836,12001
28S-rRNA,837,14498
28S-rRNA,838,16844
28S-rRNA,839,17492
28S-rRNA,840,17689
28S-rRNA,841,17306
28S-rRNA,842,17777
28S-rRNA,843,18371
28S-rRNA,844,19607
28S-rRNA,845,21228
28S-rRNA,846,21681
28S-rRNA,847,22187
28S-rRNA,848,22324
28S-rRNA,849,24124
28S-rRNA,850,24350
28S-rRNA,851,25592
28S-rRNA,852,26368
28S-rRNA,853,27362
28S-rRNA,854,28057
28S-rRNA,855,28206
28S-rRNA,856,27922
28S-rRNA,857,26723
28S-rRNA,858,25982
28S-rRNA,859,26369
28S-rRNA,860,24846
28S-rRNA,861,22046
28S-rRNA,862,20258
28S-rRNA,863,20419
28S-rRNA,864,19995
28S-rRNA,865,24605
28S-rRNA,866,29816
28S-rRNA,867,39917
28S-rRNA,868,45694
28S-rRNA,869,62242
28S-rRNA,870,66999
28S-rRNA,871,105466
28S-rRNA,872,109929
28S-rRNA,873,113387
28S-rRNA,874,128217
28S-rRNA,875,146947
28S-rRNA,876,174239
28S-rRNA,877,286831
28S-rRNA,878,353487
28S-rRNA,879,393470
28S-rRNA,880,408994
28S-rRNA,881,423590
28S-rRNA,882,429551
28S-rRNA,883,432201
28S-rRNA,884,432795
28S-rRNA,885,432586
28S-rRNA,886,432462
28S-rRNA,887,431101
28S-rRNA,888,425190
28S-rRNA,889,417140
28S-rRNA,890,415473
28S-rRNA,891,413537
28S-rRNA,892,412950
28S-rRNA,893,412903
28S-rRNA,894,407921
28S-rRNA,895,396064
28S-rRNA,896,332505
28S-rRNA,897,333776
28S-rRNA,898,314576
28S-rRNA,899,261025
28S-rRNA,900,228944
28S-rRNA,901,193773
28S-rRNA,902,198223
28S-rRNA,903,202440
28S-rRNA,904,202485
28S-rRNA,905,208112
28S-rRNA,906,209283
28S-rRNA,907,207326
28S-rRNA,908,209495
28S-rRNA,909,209016
28S-rRNA,910,205567
28S-rRNA,911,199408
28S-rRNA,912,199000
28S-rRNA,913,195226
28S-rRNA,914,195290
28S-rRNA,915,190663
28S-rRNA,916,187633
28S-rRNA,917,184563
28S-rRNA,918,175529
28S-rRNA,919,174238
28S-rRNA,920,170311
28S-rRNA,921,162458
28S-rRNA,922,148738
28S-rRNA,923,130011
28S-rRNA,924,117373
28S-rRNA,925,107068
28S-rRNA,926,95975
28S-rRNA,927,87457
28S-rRNA,928,79146
28S-rRNA,929,75750
28S-rRNA,930,74248
28S-rRNA,931,73069
28S-rRNA,932,71667
28S-rRNA,933,66665
28S-rRNA,934,53009
28S-rRNA,935,34734
28S-rRNA,936,26590
28S-rRNA,937,24178
28S-rRNA,938,23135
28S-rRNA,939,22233
28S-rRNA,940,21710
28S-rRNA,941,18664
28S-rRNA,942,11783
28S-rRNA,943,7193
28S-rRNA,944,4369
28S-rRNA,945,3187
28S-rRNA,946,2611
28S-rRNA,947,2294
28S-rRNA,948,2498
28S-rRNA,949,2937
28S-rRNA,950,4451
28S-rRNA,951,6178
28S-rRNA,952,8104
28S-rRNA,953,8762
28S-rRNA,954,9104
28S-rRNA,955,11684
28S-rRNA,956,14828
28S-rRNA,957,15340
28S-rRNA,958,18242
28S-rRNA,959,19556
28S-rRNA,960,22075
28S-rRNA,961,30043
28S-rRNA,962,48741
28S-rRNA,963,144981
28S-rRNA,964,183639
28S-rRNA,965,216114
28S-rRNA,966,251254
28S-rRNA,967,272337
28S-rRNA,968,282072
28S-rRNA,969,285531
28S-rRNA,970,294260
28S-rRNA,971,296800
28S-rRNA,972,297607
28S-rRNA,973,296673
28S-rRNA,974,301369
28S-rRNA,975,300911
28S-rRNA,976,306892
28S-rRNA,977,308101
28S-rRNA,978,302224
28S-rRNA,979,269100
28S-rRNA,980,250748
28S-rRNA,981,231457
28S-rRNA,982,190148
28S-rRNA,983,132003
28S-rRNA,984,122662
28S-rRNA,985,119844
28S-rRNA,986,109160
28S-rRNA,987,94749
28S-rRNA,988,81640
28S-rRNA,989,64377
28S-rRNA,990,57372
28S-rRNA,991,51693
28S-rRNA,992,46752
28S-rRNA,993,43677
28S-rRNA,994,43516
28S-rRNA,995,43021
28S-rRNA,996,42546
28S-rRNA,997,40358
28S-rRNA,998,39406
28S-rRNA,999,39798
28S-rRNA,1000,40239
28S-rRNA,1001,40514
28S-rRNA,1002,39592
28S-rRNA,1003,36690
28S-rRNA,1004,37345
28S-rRNA,1005,37463
28S-rRNA,1006,34792
28S-rRNA,1007,33557
28S-rRNA,1008,28807
28S-rRNA,1009,26943
28S-rRNA,1010,26492
28S-rRNA,1011,25579
28S-rRNA,1012,24754
28S-rRNA,1013,27553
28S-rRNA,1014,27176
28S-rRNA,1015,27590
28S-rRNA,1016,26905
28S-rRNA,1017,26180
28S-rRNA,1018,27234
28S-rRNA,1019,27543
28S-rRNA,1020,27530
28S-rRNA,1021,27440
28S-rRNA,1022,29256
28S-rRNA,1023,28511
28S-rRNA,1024,28012
28S-rRNA,1025,26621
28S-rRNA,1026,25707
28S-rRNA,1027,25372
28S-rRNA,1028,24977
28S-rRNA,1029,24616
28S-rRNA,1030,24152
28S-rRNA,1031,23792
28S-rRNA,1032,23477
28S-rRNA,1033,19753
28S-rRNA,1034,14196
28S-rRNA,1035,20376
28S-rRNA,1036,22038
28S-rRNA,1037,29766
28S-rRNA,1038,33522
28S-rRNA,1039,33701
28S-rRNA,1040,33804
28S-rRNA,1041,34891
28S-rRNA,1042,35431
28S-rRNA,1043,36840
28S-rRNA,1044,49939
28S-rRNA,1045,57208
28S-rRNA,1046,63377
28S-rRNA,1047,65339
28S-rRNA,1048,67342
28S-rRNA,1049,67800
28S-rRNA,1050,69025
28S-rRNA,1051,72238
28S-rRNA,1052,111031
28S-rRNA,1053,123452
28S-rRNA,1054,144145
28S-rRNA,1055,162652
28S-rRNA,1056,189451
28S-rRNA,1057,202849
28S-rRNA,1058,203128
28S-rRNA,1059,196888
28S-rRNA,1060,193870
28S-rRNA,1061,191900
28S-rRNA,1062,188948
28S-rRNA,1063,186396
28S-rRNA,1064,178318
28S-rRNA,1065,169350
28S-rRNA,1066,159427
28S-rRNA,1067,149285
28S-rRNA,1068,136839
28S-rRNA,1069,132911
28S-rRNA,1070,119099
28S-rRNA,1071,100372
28S-rRNA,1072,85404
28S-rRNA,1073,76762
28S-rRNA,1074,74170
28S-rRNA,1075,63463
28S-rRNA,1076,52982
28S-rRNA,1077,62811
28S-rRNA,1078,60503
28S-rRNA,1079,58134
28S-rRNA,1080,57370
28S-rRNA,1081,57224
28S-rRNA,1082,57062
28S-rRNA,1083,56708
28S-rRNA,1084,59082
28S-rRNA,1085,59378
28S-rRNA,1086,60018
28S-rRNA,1087,60536
28S-rRNA,1088,45637
28S-rRNA,1089,37283
28S-rRNA,1090,34631
28S-rRNA,1091,32777
28S-rRNA,1092,30516
28S-rRNA,1093,28843
28S-rRNA,1094,29126
28S-rRNA,1095,28821
28S-rRNA,1096,27334
28S-rRNA,1097,24831
28S-rRNA,1098,22836
28S-rRNA,1099,32723
28S-rRNA,1100,31922
28S-rRNA,1101,43172
28S-rRNA,1102,50362
28S-rRNA,1103,71364
28S-rRNA,1104,77797
28S-rRNA,1105,109340
28S-rRNA,1106,112494
28S-rRNA,1107,112931
28S-rRNA,1108,114054
28S-rRNA,1109,114012
28S-rRNA,1110,114333
28S-rRNA,1111,115496
28S-rRNA,1112,119817
28S-rRNA,1113,128454
28S-rRNA,1114,129169
28S-rRNA,1115,133160
28S-rRNA,1116,134941
28S-rRNA,1117,134453
28S-rRNA,1118,133920
28S-rRNA,1119,133494
28S-rRNA,1120,132206
28S-rRNA,1121,130996
28S-rRNA,1122,125936
28S-rRNA,1123,118214
28S-rRNA,1124,106302
28S-rRNA,1125,96710
28S-rRNA,1126,79792
28S-rRNA,1127,72212
28S-rRNA,1128,61482
28S-rRNA,1129,52335
28S-rRNA,1130,51689
28S-rRNA,1131,52257
28S-rRNA,1132,51446
28S-rRNA,1133,54519
28S-rRNA,1134,66160
28S-rRNA,1135,70177
28S-rRNA,1136,70302
28S-rRNA,1137,69539
28S-rRNA,1138,68759
28S-rRNA,1139,62671
28S-rRNA,1140,61056
28S-rRNA,1141,59863
28S-rRNA,1142,59098
28S-rRNA,1143,58255
28S-rRNA,1144,56077
28S-rRNA,1145,53459
28S-rRNA,1146,52319
28S-rRNA,1147,51557
28S-rRNA,1148,49163
28S-rRNA,1149,43449
28S-rRNA,1150,27006
28S-rRNA,1151,16112
28S-rRNA,1152,11571
28S-rRNA,1153,10607
28S-rRNA,1154,12730
28S-rRNA,1155,13954
28S-rRNA,1156,16151
28S-rRNA,1157,17228
28S-rRNA,1158,18076
28S-rRNA,1159,21092
28S-rRNA,1160,30024
28S-rRNA,1161,59111
28S-rRNA,1162,105276
28S-rRNA,1163,129368
28S-rRNA,1164,144578
28S-rRNA,1165,151658
28S-rRNA,1166,154930
28S-rRNA,1167,163417
28S-rRNA,1168,164012
28S-rRNA,1169,168063
28S-rRNA,1170,170217
28S-rRNA,1171,170324
28S-rRNA,1172,175594
28S-rRNA,1173,176499
28S-rRNA,1174,175245
28S-rRNA,1175,177508
28S-rRNA,1176,179067
28S-rRNA,1177,191976
28S-rRNA,1178,197906
28S-rRNA,1179,181085
28S-rRNA,1180,163923
28S-rRNA,1181,158578
28S-rRNA,1182,153304
28S-rRNA,1183,160348
28S-rRNA,1184,158815
28S-rRNA,1185,156605
28S-rRNA,1186,150821
28S-rRNA,1187,144794
28S-rRNA,1188,140071
28S-rRNA,1189,135358
28S-rRNA,1190,133042
28S-rRNA,1191,130442
28S-rRNA,1192,125739
28S-rRNA,1193,122253
28S-rRNA,1194,117390
28S-rRNA,1195,105341
28S-rRNA,1196,90738
28S-rRNA,1197,85111
28S-rRNA,1198,65432
28S-rRNA,1199,42067
28S-rRNA,1200,37826
28S-rRNA,1201,36356
28S-rRNA,1202,35059
28S-rRNA,1203,34642
28S-rRNA,1204,32743
28S-rRNA,1205,30056
28S-rRNA,1206,29522
28S-rRNA,1207,31380
28S-rRNA,1208,30795
28S-rRNA,1209,24441
28S-rRNA,1210,23470
28S-rRNA,1211,23317
28S-rRNA,1212,22685
28S-rRNA,1213,22130
28S-rRNA,1214,20584
28S-rRNA,1215,16780
28S-rRNA,1216,14319
28S-rRNA,1217,13449
28S-rRNA,1218,12685
28S-rRNA,1219,11978
28S-rRNA,1220,11396
28S-rRNA,1221,9161
28S-rRNA,1222,6962
28S-rRNA,1223,3931
28S-rRNA,1224,3611
28S-rRNA,1225,3477
28S-rRNA,1226,7467
28S-rRNA,1227,10925
28S-rRNA,1228,12219
28S-rRNA,1229,22206
28S-rRNA,1230,22956
28S-rRNA,1231,29395
28S-rRNA,1232,34284
28S-rRNA,1233,36942
28S-rRNA,1234,38615
28S-rRNA,1235,54780
28S-rRNA,1236,59865
28S-rRNA,1237,226993
28S-rRNA,1238,282033
28S-rRNA,1239,287664
28S-rRNA,1240,303468
28S-rRNA,1241,310854
28S-rRNA,1242,316047
28S-rRNA,1243,318536
28S-rRNA,1244,321141
28S-rRNA,1245,321916
28S-rRNA,1246,325152
28S-rRNA,1247,327409
28S-rRNA,1248,328790
28S-rRNA,1249,327687
28S-rRNA,1250,326827
28S-rRNA,1251,325644
28S-rRNA,1252,324845
28S-rRNA,1253,322947
28S-rRNA,1254,315769
28S-rRNA,1255,287245
28S-rRNA,1256,196841
28S-rRNA,1257,178165
28S-rRNA,1258,169250
28S-rRNA,1259,153028
28S-rRNA,1260,137825
28S-rRNA,1261,136433
28S-rRNA,1262,135948
28S-rRNA,1263,132650
28S-rRNA,1264,123430
28S-rRNA,1265,115477
28S-rRNA,1266,112091
28S-rRNA,1267,85852
28S-rRNA,1268,60110
28S-rRNA,1269,54612
28S-rRNA,1270,50958
28S-rRNA,1271,45854
28S-rRNA,1272,42898
28S-rRNA,1273,41889
28S-rRNA,1274,43895
28S-rRNA,1275,44996
28S-rRNA,1276,52282
28S-rRNA,1277,52495
28S-rRNA,1278,49716
28S-rRNA,1279,47459
28S-rRNA,1280,47784
28S-rRNA,1281,53178
28S-rRNA,1282,57986
28S-rRNA,1283,123286
28S-rRNA,1284,132890
28S-rRNA,1285,145017
28S-rRNA,1286,146777
28S-rRNA,1287,148489
28S-rRNA,1288,151706
28S-rRNA,1289,153697
28S-rRNA,1290,154388
28S-rRNA,1291,154854
28S-rRNA,1292,154036
28S-rRNA,1293,153016
28S-rRNA,1294,153222
28S-rRNA,1295,154456
28S-rRNA,1296,155408
28S-rRNA,1297,154756
28S-rRNA,1298,153545
28S-rRNA,1299,152052
28S-rRNA,1300,152152
28S-rRNA,1301,151896
28S-rRNA,1302,151051
28S-rRNA,1303,151166
28S-rRNA,1304,154238
28S-rRNA,1305,154331
28S-rRNA,1306,150778
28S-rRNA,1307,143503
28S-rRNA,1308,132039
28S-rRNA,1309,105223
28S-rRNA,1310,83317
28S-rRNA,1311,55738
28S-rRNA,1312,53716
28S-rRNA,1313,55536
28S-rRNA,1314,57060
28S-rRNA,1315,66832
28S-rRNA,1316,69423
28S-rRNA,1317,73786
28S-rRNA,1318,84662
28S-rRNA,1319,86924
28S-rRNA,1320,84595
28S-rRNA,1321,85012
28S-rRNA,1322,88833
28S-rRNA,1323,97559
28S-rRNA,1324,106501
28S-rRNA,1325,176284
28S-rRNA,1326,187525
28S-rRNA,1327,188291
28S-rRNA,1328,198341
28S-rRNA,1329,199614
28S-rRNA,1330,200755
28S-rRNA,1331,201423
28S-rRNA,1332,200017
28S-rRNA,1333,194837
28S-rRNA,1334,192759
28S-rRNA,1335,189374
28S-rRNA,1336,186506
28S-rRNA,1337,194751
28S-rRNA,1338,188186
28S-rRNA,1339,184883
28S-rRNA,1340,180849
28S-rRNA,1341,161909
28S-rRNA,1342,81705
28S-rRNA,1343,64581
28S-rRNA,1344,58253
28S-rRNA,1345,52771
28S-rRNA,1346,48798
28S-rRNA,1347,46242
28S-rRNA,1348,44307
28S-rRNA,1349,43755
28S-rRNA,1350,43077
28S-rRNA,1351,42266
28S-rRNA,1352,42071
28S-rRNA,1353,43360
28S-rRNA,1354,42810
28S-rRNA,1355,42007
28S-rRNA,1356,31066
28S-rRNA,1357,34992
28S-rRNA,1358,35871
28S-rRNA,1359,35711
28S-rRNA,1360,35728
28S-rRNA,1361,35897
28S-rRNA,1362,35777
28S-rRNA,1363,36152
28S-rRNA,1364,34832
28S-rRNA,1365,34567
28S-rRNA,1366,32535
28S-rRNA,1367,27024
28S-rRNA,1368,26383
28S-rRNA,1369,25877
28S-rRNA,1370,24772
28S-rRNA,1371,23757
28S-rRNA,1372,22479
28S-rRNA,1373,20630
28S-rRNA,1374,18696
28S-rRNA,1375,17949
28S-rRNA,1376,16593
28S-rRNA,1377,14614
28S-rRNA,1378,14812
28S-rRNA,1379,14131
28S-rRNA,1380,14190
28S-rRNA,1381,13507
28S-rRNA,1382,12132
28S-rRNA,1383,10888
28S-rRNA,1384,10537
28S-rRNA,1385,11471
28S-rRNA,1386,11791
28S-rRNA,1387,13586
28S-rRNA,1388,21837
28S-rRNA,1389,24378
28S-rRNA,1390,40173
28S-rRNA,1391,67146
28S-rRNA,1392,84372
28S-rRNA,1393,99285
28S-rRNA,1394,111612
28S-rRNA,1395,115513
28S-rRNA,1396,122516
28S-rRNA,1397,128706
28S-rRNA,1398,131218
28S-rRNA,1399,136314
28S-rRNA,1400,139730
28S-rRNA,1401,143916
28S-rRNA,1402,156370
28S-rRNA,1403,160814
28S-rRNA,1404,160555
28S-rRNA,1405,162293
28S-rRNA,1406,164827
28S-rRNA,1407,169042
28S-rRNA,1408,258387
28S-rRNA,1409,257331
28S-rRNA,1410,260515
28S-rRNA,1411,261382
28S-rRNA,1412,260152
28S-rRNA,1413,259855
28S-rRNA,1414,260292
28S-rRNA,1415,259750
28S-rRNA,1416,257729
28S-rRNA,1417,257807
28S-rRNA,1418,255070
28S-rRNA,1419,253410
28S-rRNA,1420,258865
28S-rRNA,1421,260798
28S-rRNA,1422,259090
28S-rRNA,1423,255269
28S-rRNA,1424,251112
28S-rRNA,1425,245494
28S-rRNA,1426,243746
28S-rRNA,1427,245128
28S-rRNA,1428,236738
28S-rRNA,1429,228564
28S-rRNA,1430,222121
28S-rRNA,1431,209596
28S-rRNA,1432,191215
28S-rRNA,1433,172223
28S-rRNA,1434,165891
28S-rRNA,1435,166506
28S-rRNA,1436,174439
28S-rRNA,1437,182117
28S-rRNA,1438,188406
28S-rRNA,1439,190560
28S-rRNA,1440,189492
28S-rRNA,1441,186937
28S-rRNA,1442,185767
28S-rRNA,1443,218383
28S-rRNA,1444,219646
28S-rRNA,1445,223057
28S-rRNA,1446,225310
28S-rRNA,1447,240111
28S-rRNA,1448,243909
28S-rRNA,1449,244470
28S-rRNA,1450,247852
28S-rRNA,1451,246298
28S-rRNA,1452,262075
28S-rRNA,1453,273209
28S-rRNA,1454,331902
28S-rRNA,1455,342446
28S-rRNA,1456,341636
28S-rRNA,1457,339262
28S-rRNA,1458,338701
28S-rRNA,1459,334036
28S-rRNA,1460,322847
28S-rRNA,1461,301915
28S-rRNA,1462,280768
28S-rRNA,1463,260629
28S-rRNA,1464,258839
28S-rRNA,1465,254493
28S-rRNA,1466,248315
28S-rRNA,1467,221957
28S-rRNA,1468,197781
28S-rRNA,1469,220179
28S-rRNA,1470,264730
28S-rRNA,1471,275113
28S-rRNA,1472,274089
28S-rRNA,1473,273622
28S-rRNA,1474,283038
28S-rRNA,1475,289072
28S-rRNA,1476,292508
28S-rRNA,1477,285718
28S-rRNA,1478,284738
28S-rRNA,1479,283320
28S-rRNA,1480,279960
28S-rRNA,1481,277401
28S-rRNA,1482,271525
28S-rRNA,1483,245594
28S-rRNA,1484,221070
28S-rRNA,1485,172989
28S-rRNA,1486,153644
28S-rRNA,1487,120373
28S-rRNA,1488,112103
28S-rRNA,1489,111484
28S-rRNA,1490,107642
28S-rRNA,1491,105935
28S-rRNA,1492,101457
28S-rRNA,1493,97722
28S-rRNA,1494,92414
28S-rRNA,1495,85754
28S-rRNA,1496,82548
28S-rRNA,1497,81144
28S-rRNA,1498,79132
28S-rRNA,1499,76579
28S-rRNA,1500,76193
28S-rRNA,1501,76823
28S-rRNA,1502,75702
28S-rRNA,1503,75209
28S-rRNA,1504,75932
28S-rRNA,1505,80053
28S-rRNA,1506,92856
28S-rRNA,1507,94795
28S-rRNA,1508,98982
28S-rRNA,1509,103730
28S-rRNA,1510,107098
28S-rRNA,1511,106343
28S-rRNA,1512,109724
28S-rRNA,1513,112756
28S-rRNA,1514,113290
28S-rRNA,1515,111266
28S-rRNA,1516,111753
28S-rRNA,1517,113472
28S-rRNA,1518,115019
28S-rRNA,1519,114174
28S-rRNA,1520,115382
28S-rRNA,1521,125359
28S-rRNA,1522,128174
28S-rRNA,1523,129392
28S-rRNA,1524,130330
28S-rRNA,1525,130606
28S-rRNA,1526,128799
28S-rRNA,1527,129068
28S-rRNA,1528,128618
28S-rRNA,1529,129343
28S-rRNA,1530,129478
28S-rRNA,1531,128781
28S-rRNA,1532,126350
28S-rRNA,1533,128205
28S-rRNA,1534,129119
28S-rRNA,1535,133546
28S-rRNA,1536,132260
28S-rRNA,1537,132128
28S-rRNA,1538,130115
28S-rRNA,1539,118580
28S-rRNA,1540,105358
28S-rRNA,1541,89146
28S-rRNA,1542,84721
28S-rRNA,1543,85080
28S-rRNA,1544,84577
28S-rRNA,1545,84038
28S-rRNA,1546,83030
28S-rRNA,1547,82315
28S-rRNA,1548,82619
28S-rRNA,1549,78440
28S-rRNA,1550,70601
28S-rRNA,1551,62682
28S-rRNA,1552,60826
28S-rRNA,1553,61204
28S-rRNA,1554,62572
28S-rRNA,1555,64183
28S-rRNA,1556,65553
28S-rRNA,1557,65598
28S-rRNA,1558,67815
28S-rRNA,1559,70175
28S-rRNA,1560,74175
28S-rRNA,1561,94005
28S-rRNA,1562,99732
28S-rRNA,1563,104061
28S-rRNA,1564,104630
28S-rRNA,1565,106248
28S-rRNA,1566,107150
28S-rRNA,1567,108272
28S-rRNA,1568,109177
28S-rRNA,1569,111276
28S-rRNA,1570,111619
28S-rRNA,1571,112961
28S-rRNA,1572,112984
28S-rRNA,1573,110696
28S-rRNA,1574,108379
28S-rRNA,1575,106287
28S-rRNA,1576,97104
28S-rRNA,1577,91984
28S-rRNA,1578,85119
28S-rRNA,1579,83115
28S-rRNA,1580,79250
28S-rRNA,1581,76463
28S-rRNA,1582,72189
28S-rRNA,1583,67398
28S-rRNA,1584,67937
28S-rRNA,1585,83850
28S-rRNA,1586,83202
28S-rRNA,1587,81298
28S-rRNA,1588,80975
28S-rRNA,1589,79304
28S-rRNA,1590,84116
28S-rRNA,1591,83318
28S-rRNA,1592,81554
28S-rRNA,1593,82337
28S-rRNA,1594,80598
28S-rRNA,1595,78272
28S-rRNA,1596,76161
28S-rRNA,1597,75695
28S-rRNA,1598,72303
28S-rRNA,1599,71242
28S-rRNA,1600,70108
28S-rRNA,1601,68368
28S-rRNA,1602,65947
28S-rRNA,1603,57291
28S-rRNA,1604,53932
28S-rRNA,1605,52272
28S-rRNA,1606,50019
28S-rRNA,1607,47190
28S-rRNA,1608,48168
28S-rRNA,1609,54658
28S-rRNA,1610,52998
28S-rRNA,1611,47803
28S-rRNA,1612,42960
28S-rRNA,1613,41660
28S-rRNA,1614,39722
28S-rRNA,1615,41165
28S-rRNA,1616,42386
28S-rRNA,1617,48183
28S-rRNA,1618,54716
28S-rRNA,1619,56900
28S-rRNA,1620,57288
28S-rRNA,1621,58745
28S-rRNA,1622,59178
28S-rRNA,1623,58663
28S-rRNA,1624,50492
28S-rRNA,1625,46738
28S-rRNA,1626,46885
28S-rRNA,1627,50753
28S-rRNA,1628,52765
28S-rRNA,1629,52387
28S-rRNA,1630,51835
28S-rRNA,1631,51908
28S-rRNA,1632,58164
28S-rRNA,1633,63240
28S-rRNA,1634,71664
28S-rRNA,1635,74692
28S-rRNA,1636,88774
28S-rRNA,1637,94191
28S-rRNA,1638,93760
28S-rRNA,1639,94258
28S-rRNA,1640,95013
28S-rRNA,1641,100068
28S-rRNA,1642,107367
28S-rRNA,1643,123823
28S-rRNA,1644,125192
28S-rRNA,1645,127241
28S-rRNA,1646,126151
28S-rRNA,1647,125479
28S-rRNA,1648,130931
28S-rRNA,1649,132253
28S-rRNA,1650,133936
28S-rRNA,1651,134792
28S-rRNA,1652,135586
28S-rRNA,1653,136644
28S-rRNA,1654,137440
28S-rRNA,1655,141946
28S-rRNA,1656,143622
28S-rRNA,1657,146700
28S-rRNA,1658,145840
28S-rRNA,1659,142978
28S-rRNA,1660,143460
28S-rRNA,1661,150523
28S-rRNA,1662,156394
28S-rRNA,1663,157009
28S-rRNA,1664,157395
28S-rRNA,1665,157417
28S-rRNA,1666,158286
28S-rRNA,1667,169231
28S-rRNA,1668,168672
28S-rRNA,1669,167293
28S-rRNA,1670,168753
28S-rRNA,1671,168823
28S-rRNA,1672,168353
28S-rRNA,1673,165319
28S-rRNA,1674,162594
28S-rRNA,1675,154996
28S-rRNA,1676,151362
28S-rRNA,1677,146852
28S-rRNA,1678,140832
28S-rRNA,1679,132112
28S-rRNA,1680,131930
28S-rRNA,1681,133948
28S-rRNA,1682,133530
28S-rRNA,1683,127519
28S-rRNA,1684,126338
28S-rRNA,1685,125419
28S-rRNA,1686,124600
28S-rRNA,1687,124011
28S-rRNA,1688,122710
28S-rRNA,1689,121510
28S-rRNA,1690,120492
28S-rRNA,1691,120878
28S-rRNA,1692,122870
28S-rRNA,1693,122995
28S-rRNA,1694,121204
28S-rRNA,1695,114678
28S-rRNA,1696,111814
28S-rRNA,1697,111368
28S-rRNA,1698,111129
28S-rRNA,1699,111350
28S-rRNA,1700,111777
28S-rRNA,1701,110564
28S-rRNA,1702,104453
28S-rRNA,1703,97917
28S-rRNA,1704,92578
28S-rRNA,1705,86537
28S-rRNA,1706,89308
28S-rRNA,1707,90133
28S-rRNA,1708,89683
28S-rRNA,1709,89615
28S-rRNA,1710,89533
28S-rRNA,1711,89059
28S-rRNA,1712,88005
28S-rRNA,1713,87741
28S-rRNA,1714,103363
28S-rRNA,1715,114450
28S-rRNA,1716,110301
28S-rRNA,1717,91961
28S-rRNA,1718,80640
28S-rRNA,1719,76928
28S-rRNA,1720,71819
28S-rRNA,1721,63885
28S-rRNA,1722,62540
28S-rRNA,1723,63171
28S-rRNA,1724,71984
28S-rRNA,1725,74665
28S-rRNA,1726,87176
28S-rRNA,1727,89891
28S-rRNA,1728,92008
28S-rRNA,1729,94315
28S-rRNA,1730,95325
28S-rRNA,1731,82400
28S-rRNA,1732,64656
28S-rRNA,1733,65429
28S-rRNA,1734,66994
28S-rRNA,1735,71645
28S-rRNA,1736,75067
28S-rRNA,1737,79192
28S-rRNA,1738,82596
28S-rRNA,1739,84419
28S-rRNA,1740,85747
28S-rRNA,1741,85398
28S-rRNA,1742,86039
28S-rRNA,1743,87306
28S-rRNA,1744,86417
28S-rRNA,1745,84814
28S-rRNA,1746,82952
28S-rRNA,1747,81498
28S-rRNA,1748,79661
28S-rRNA,1749,76489
28S-rRNA,1750,73454
28S-rRNA,1751,71084
28S-rRNA,1752,65549
28S-rRNA,1753,83991
28S-rRNA,1754,83339
28S-rRNA,1755,84278
28S-rRNA,1756,83957
28S-rRNA,1757,84240
28S-rRNA,1758,84531
28S-rRNA,1759,83934
28S-rRNA,1760,82816
28S-rRNA,1761,82200
28S-rRNA,1762,80658
28S-rRNA,1763,82665
28S-rRNA,1764,81334
28S-rRNA,1765,80645
28S-rRNA,1766,81507
28S-rRNA,1767,83158
28S-rRNA,1768,87408
28S-rRNA,1769,87828
28S-rRNA,1770,87033
28S-rRNA,1771,86749
28S-rRNA,1772,98250
28S-rRNA,1773,100723
28S-rRNA,1774,102344
28S-rRNA,1775,107627
28S-rRNA,1776,107909
28S-rRNA,1777,109824
28S-rRNA,1778,111346
28S-rRNA,1779,108027
28S-rRNA,1780,108432
28S-rRNA,1781,109819
28S-rRNA,1782,119935
28S-rRNA,1783,128722
28S-rRNA,1784,132057
28S-rRNA,1785,135465
28S-rRNA,1786,135292
28S-rRNA,1787,135270
28S-rRNA,1788,134683
28S-rRNA,1789,116455
28S-rRNA,1790,116629
28S-rRNA,1791,114898
28S-rRNA,1792,111488
28S-rRNA,1793,107289
28S-rRNA,1794,105479
28S-rRNA,1795,110671
28S-rRNA,1796,119564
28S-rRNA,1797,118810
28S-rRNA,1798,119006
28S-rRNA,1799,122466
28S-rRNA,1800,129447
28S-rRNA,1801,136209
28S-rRNA,1802,130405
28S-rRNA,1803,121940
28S-rRNA,1804,109717
28S-rRNA,1805,108022
28S-rRNA,1806,109562
28S-rRNA,1807,110481
28S-rRNA,1808,110341
28S-rRNA,1809,106907
28S-rRNA,1810,101637
28S-rRNA,1811,101099
28S-rRNA,1812,111360
28S-rRNA,1813,111707
28S-rRNA,1814,114696
28S-rRNA,1815,115112
28S-rRNA,1816,115501
28S-rRNA,1817,116722
28S-rRNA,1818,116954
28S-rRNA,1819,117305
28S-rRNA,1820,117005
28S-rRNA,1821,116248
28S-rRNA,1822,115845
28S-rRNA,1823,114460
28S-rRNA,1824,113159
28S-rRNA,1825,107345
28S-rRNA,1826,105396
28S-rRNA,1827,101951
28S-rRNA,1828,97917
28S-rRNA,1829,95638
28S-rRNA,1830,93132
28S-rRNA,1831,82534
28S-rRNA,1832,71956
28S-rRNA,1833,68321
28S-rRNA,1834,70536
28S-rRNA,1835,65919
28S-rRNA,1836,66009
28S-rRNA,1837,65994
28S-rRNA,1838,64764
28S-rRNA,1839,63553
28S-rRNA,1840,61269
28S-rRNA,1841,59060
28S-rRNA,1842,53768
28S-rRNA,1843,49864
28S-rRNA,1844,48259
28S-rRNA,1845,42580
28S-rRNA,1846,37451
28S-rRNA,1847,31947
28S-rRNA,1848,28904
28S-rRNA,1849,26569
28S-rRNA,1850,22588
28S-rRNA,1851,21172
28S-rRNA,1852,20003
28S-rRNA,1853,19849
28S-rRNA,1854,19407
28S-rRNA,1855,19402
28S-rRNA,1856,19936
28S-rRNA,1857,21592
28S-rRNA,1858,21356
28S-rRNA,1859,22007
28S-rRNA,1860,22021
28S-rRNA,1861,21660
28S-rRNA,1862,21501
28S-rRNA,1863,21520
28S-rRNA,1864,21971
28S-rRNA,1865,22354
28S-rRNA,1866,23118
28S-rRNA,1867,24006
28S-rRNA,1868,72492
28S-rRNA,1869,78970
28S-rRNA,1870,118243
28S-rRNA,1871,182142
28S-rRNA,1872,251657
28S-rRNA,1873,259235
28S-rRNA,1874,262281
28S-rRNA,1875,263773
28S-rRNA,1876,264490
28S-rRNA,1877,264694
28S-rRNA,1878,264637
28S-rRNA,1879,264676
28S-rRNA,1880,264779
28S-rRNA,1881,264682
28S-rRNA,1882,265016
28S-rRNA,1883,264572
28S-rRNA,1884,275903
28S-rRNA,1885,275647
28S-rRNA,1886,273922
28S-rRNA,1887,273393
28S-rRNA,1888,275273
28S-rRNA,1889,277160
28S-rRNA,1890,277861
28S-rRNA,1891,277464
28S-rRNA,1892,277216
28S-rRNA,1893,275896
28S-rRNA,1894,271933
28S-rRNA,1895,264340
28S-rRNA,1896,259197
28S-rRNA,1897,252169
28S-rRNA,1898,244912
28S-rRNA,1899,230860
28S-rRNA,1900,203024
28S-rRNA,1901,147621
28S-rRNA,1902,136667
28S-rRNA,1903,135491
28S-rRNA,1904,134363
28S-rRNA,1905,132324
28S-rRNA,1906,131513
28S-rRNA,1907,131227
28S-rRNA,1908,131456
28S-rRNA,1909,130887
28S-rRNA,1910,129914
28S-rRNA,1911,126464
28S-rRNA,1912,121052
28S-rRNA,1913,115436
28S-rRNA,1914,111807
28S-rRNA,1915,109230
28S-rRNA,1916,108275
28S-rRNA,1917,107120
28S-rRNA,1918,104809
28S-rRNA,1919,105183
28S-rRNA,1920,104770
28S-rRNA,1921,104674
28S-rRNA,1922,103588
28S-rRNA,1923,102237
28S-rRNA,1924,97154
28S-rRNA,1925,88286
28S-rRNA,1926,73315
28S-rRNA,1927,49407
28S-rRNA,1928,42208
28S-rRNA,1929,31099
28S-rRNA,1930,30044
28S-rRNA,1931,29205
28S-rRNA,1932,28543
28S-rRNA,1933,29070
28S-rRNA,1934,23731
28S-rRNA,1935,23386
28S-rRNA,1936,23243
28S-rRNA,1937,23453
28S-rRNA,1938,23181
28S-rRNA,1939,22596
28S-rRNA,1940,20541
28S-rRNA,1941,24784
28S-rRNA,1942,28993
28S-rRNA,1943,29497
28S-rRNA,1944,31327
28S-rRNA,1945,35753
28S-rRNA,1946,38315
28S-rRNA,1947,41608
28S-rRNA,1948,48259
28S-rRNA,1949,49538
28S-rRNA,1950,50889
28S-rRNA,1951,53665
28S-rRNA,1952,55017
28S-rRNA,1953,56710
28S-rRNA,1954,57178
28S-rRNA,1955,59603
28S-rRNA,1956,60775
28S-rRNA,1957,61489
28S-rRNA,1958,61271
28S-rRNA,1959,62687
28S-rRNA,1960,67300
28S-rRNA,1961,67652
28S-rRNA,1962,67130
28S-rRNA,1963,65505
28S-rRNA,1964,65003
28S-rRNA,1965,64123
28S-rRNA,1966,62962
28S-rRNA,1967,64080
28S-rRNA,1968,64177
28S-rRNA,1969,62665
28S-rRNA,1970,61435
28S-rRNA,1971,58199
28S-rRNA,1972,53980
28S-rRNA,1973,50533
28S-rRNA,1974,49512
28S-rRNA,1975,48566
28S-rRNA,1976,48347
28S-rRNA,1977,47741
28S-rRNA,1978,47690
28S-rRNA,1979,49431
28S-rRNA,1980,48608
28S-rRNA,1981,45692
28S-rRNA,1982,44677
28S-rRNA,1983,44137
28S-rRNA,1984,43891
28S-rRNA,1985,44499
28S-rRNA,1986,44274
28S-rRNA,1987,43784
28S-rRNA,1988,49190
28S-rRNA,1989,48103
28S-rRNA,1990,48032
28S-rRNA,1991,47283
28S-rRNA,1992,62517
28S-rRNA,1993,71845
28S-rRNA,1994,73532
28S-rRNA,1995,78274
28S-rRNA,1996,90341
28S-rRNA,1997,95207
28S-rRNA,1998,106059
28S-rRNA,1999,129961
28S-rRNA,2000,152891
28S-rRNA,2001,163985
28S-rRNA,2002,168458
28S-rRNA,2003,173923
28S-rRNA,2004,177928
28S-rRNA,2005,182868
28S-rRNA,2006,184315
28S-rRNA,2007,190941
28S-rRNA,2008,193850
28S-rRNA,2009,199663
28S-rRNA,2010,199979
28S-rRNA,2011,196618
28S-rRNA,2012,194263
28S-rRNA,2013,197951
28S-rRNA,2014,193285
28S-rRNA,2015,182513
28S-rRNA,2016,179197
28S-rRNA,2017,174256
28S-rRNA,2018,167350
28S-rRNA,2019,161697
28S-rRNA,2020,138328
28S-rRNA,2021,122672
28S-rRNA,2022,106103
28S-rRNA,2023,106109
28S-rRNA,2024,104904
28S-rRNA,2025,101155
28S-rRNA,2026,97228
28S-rRNA,2027,98519
28S-rRNA,2028,104636
28S-rRNA,2029,105934
28S-rRNA,2030,115516
28S-rRNA,2031,117448
28S-rRNA,2032,105712
28S-rRNA,2033,100304
28S-rRNA,2034,85785
28S-rRNA,2035,75278
28S-rRNA,2036,69388
28S-rRNA,2037,65095
28S-rRNA,2038,62596
28S-rRNA,2039,62397
28S-rRNA,2040,62223
28S-rRNA,2041,61979
28S-rRNA,2042,62267
28S-rRNA,2043,61727
28S-rRNA,2044,61696
28S-rRNA,2045,58962
28S-rRNA,2046,42692
28S-rRNA,2047,37711
28S-rRNA,2048,35154
28S-rRNA,2049,34330
28S-rRNA,2050,32678
28S-rRNA,2051,22538
28S-rRNA,2052,8592
28S-rRNA,2053,3537
28S-rRNA,2054,5235
28S-rRNA,2055,11098
28S-rRNA,2056,15880
28S-rRNA,2057,17384
28S-rRNA,2058,17553
28S-rRNA,2059,17536
28S-rRNA,2060,17566
28S-rRNA,2061,17407
28S-rRNA,2062,17211
28S-rRNA,2063,17271
28S-rRNA,2064,17284
28S-rRNA,2065,17116
28S-rRNA,2066,16717
28S-rRNA,2067,16772
28S-rRNA,2068,18531
28S-rRNA,2069,22926
28S-rRNA,2070,22445
28S-rRNA,2071,15664
28S-rRNA,2072,9435
28S-rRNA,2073,9287
28S-rRNA,2074,10706
28S-rRNA,2075,16766
28S-rRNA,2076,19364
28S-rRNA,2077,21686
28S-rRNA,2078,23012
28S-rRNA,2079,23911
28S-rRNA,2080,24568
28S-rRNA,2081,26855
28S-rRNA,2082,28970
28S-rRNA,2083,29593
28S-rRNA,2084,30815
28S-rRNA,2085,32910
28S-rRNA,2086,35079
28S-rRNA,2087,36617
28S-rRNA,2088,37713
28S-rRNA,2089,38011
28S-rRNA,2090,37647
28S-rRNA,2091,37695
28S-rRNA,2092,37550
28S-rRNA,2093,36569
28S-rRNA,2094,31202
28S-rRNA,2095,26605
28S-rRNA,2096,25595
28S-rRNA,2097,20900
28S-rRNA,2098,19978
28S-rRNA,2099,19452
28S-rRNA,2100,23348
28S-rRNA,2101,27900
28S-rRNA,2102,29146
28S-rRNA,2103,31172
28S-rRNA,2104,32767
28S-rRNA,2105,31864
28S-rRNA,2106,31353
28S-rRNA,2107,30452
28S-rRNA,2108,29711
28S-rRNA,2109,32979
28S-rRNA,2110,34655
28S-rRNA,2111,35933
28S-rRNA,2112,34967
28S-rRNA,2113,33474
28S-rRNA,2114,32722
28S-rRNA,2115,30386
28S-rRNA,2116,29371
28S-rRNA,2117,31784
28S-rRNA,2118,32542
28S-rRNA,2119,32998
28S-rRNA,2120,36239
28S-rRNA,2121,38192
28S-rRNA,2122,40997
28S-rRNA,2123,44029
28S-rRNA,2124,45843
28S-rRNA,2125,48921
28S-rRNA,2126,50626
28S-rRNA,2127,51301
28S-rRNA,2128,50749
28S-rRNA,2129,48700
28S-rRNA,2130,49343
28S-rRNA,2131,64558
28S-rRNA,2132,67207
28S-rRNA,2133,69443
28S-rRNA,2134,72482
28S-rRNA,2135,73042
28S-rRNA,2136,71759
28S-rRNA,2137,69449
28S-rRNA,2138,65206
28S-rRNA,2139,63660
28S-rRNA,2140,60561
28S-rRNA,2141,58801
28S-rRNA,2142,58172
28S-rRNA,2143,56776
28S-rRNA,2144,64078
28S-rRNA,2145,63803
28S-rRNA,2146,59850
28S-rRNA,2147,58016
28S-rRNA,2148,55777
28S-rRNA,2149,54534
28S-rRNA,2150,52575
28S-rRNA,2151,46434
28S-rRNA,2152,34499
28S-rRNA,2153,31975
28S-rRNA,2154,32098
28S-rRNA,2155,32193
28S-rRNA,2156,36016
28S-rRNA,2157,36027
28S-rRNA,2158,36049
28S-rRNA,2159,34553
28S-rRNA,2160,30399
28S-rRNA,2161,33025
28S-rRNA,2162,36214
28S-rRNA,2163,38791
28S-rRNA,2164,38936
28S-rRNA,2165,40740
28S-rRNA,2166,39619
28S-rRNA,2167,45145
28S-rRNA,2168,50546
28S-rRNA,2169,54273
28S-rRNA,2170,54222
28S-rRNA,2171,54631
28S-rRNA,2172,54460
28S-rRNA,2173,54742
28S-rRNA,2174,57999
28S-rRNA,2175,57989
28S-rRNA,2176,57546
28S-rRNA,2177,59587
28S-rRNA,2178,59252
28S-rRNA,2179,59605
28S-rRNA,2180,59433
28S-rRNA,2181,59240
28S-rRNA,2182,58433
28S-rRNA,2183,57505
28S-rRNA,2184,55480
28S-rRNA,2185,53674
28S-rRNA,2186,45224
28S-rRNA,2187,44169
28S-rRNA,2188,43957
28S-rRNA,2189,42906
28S-rRNA,2190,45288
28S-rRNA,2191,44318
28S-rRNA,2192,40083
28S-rRNA,2193,38792
28S-rRNA,2194,39717
28S-rRNA,2195,41062
28S-rRNA,2196,42277
28S-rRNA,2197,42784
28S-rRNA,2198,43754
28S-rRNA,2199,44393
28S-rRNA,2200,44826
28S-rRNA,2201,46101
28S-rRNA,2202,47776
28S-rRNA,2203,49063
28S-rRNA,2204,49787
28S-rRNA,2205,50461
28S-rRNA,2206,52794
28S-rRNA,2207,60973
28S-rRNA,2208,63795
28S-rRNA,2209,69969
28S-rRNA,2210,72863
28S-rRNA,2211,74442
28S-rRNA,2212,75772
28S-rRNA,2213,76074
28S-rRNA,2214,76563
28S-rRNA,2215,75002
28S-rRNA,2216,73935
28S-rRNA,2217,72594
28S-rRNA,2218,71362
28S-rRNA,2219,71319
28S-rRNA,2220,83134
28S-rRNA,2221,82957
28S-rRNA,2222,82569
28S-rRNA,2223,87627
28S-rRNA,2224,107704
28S-rRNA,2225,129535
28S-rRNA,2226,133994
28S-rRNA,2227,150441
28S-rRNA,2228,155534
28S-rRNA,2229,158183
28S-rRNA,2230,168511
28S-rRNA,2231,177767
28S-rRNA,2232,186158
28S-rRNA,2233,198328
28S-rRNA,2234,225257
28S-rRNA,2235,232356
28S-rRNA,2236,227941
28S-rRNA,2237,254371
28S-rRNA,2238,272443
28S-rRNA,2239,274864
28S-rRNA,2240,276286
28S-rRNA,2241,281311
28S-rRNA,2242,283329
28S-rRNA,2243,281294
28S-rRNA,2244,282779
28S-rRNA,2245,327349
28S-rRNA,2246,338789
28S-rRNA,2247,357419
28S-rRNA,2248,369225
28S-rRNA,2249,380010
28S-rRNA,2250,379696
28S-rRNA,2251,378500
28S-rRNA,2252,377714
28S-rRNA,2253,377791
28S-rRNA,2254,371307
28S-rRNA,2255,359896
28S-rRNA,2256,353839
28S-rRNA,2257,332384
28S-rRNA,2258,317121
28S-rRNA,2259,300539
28S-rRNA,2260,297734
28S-rRNA,2261,286402
28S-rRNA,2262,285590
28S-rRNA,2263,281834
28S-rRNA,2264,275066
28S-rRNA,2265,256323
28S-rRNA,2266,243775
28S-rRNA,2267,243462
28S-rRNA,2268,242277
28S-rRNA,2269,243697
28S-rRNA,2270,245044
28S-rRNA,2271,243721
28S-rRNA,2272,241914
28S-rRNA,2273,234975
28S-rRNA,2274,203987
28S-rRNA,2275,202112
28S-rRNA,2276,201639
28S-rRNA,2277,202146
28S-rRNA,2278,201052
28S-rRNA,2279,198115
28S-rRNA,2280,181060
28S-rRNA,2281,175972
28S-rRNA,2282,178729
28S-rRNA,2283,177511
28S-rRNA,2284,173756
28S-rRNA,2285,144559
28S-rRNA,2286,146105
28S-rRNA,2287,148588
28S-rRNA,2288,146857
28S-rRNA,2289,141136
28S-rRNA,2290,144921
28S-rRNA,2291,144451
28S-rRNA,2292,144610
28S-rRNA,2293,142801
28S-rRNA,2294,148129
28S-rRNA,2295,163599
28S-rRNA,2296,168339
28S-rRNA,2297,182673
28S-rRNA,2298,188862
28S-rRNA,2299,198786
28S-rRNA,2300,200595
28S-rRNA,2301,201283
28S-rRNA,2302,201678
28S-rRNA,2303,201586
28S-rRNA,2304,205294
28S-rRNA,2305,206089
28S-rRNA,2306,200690
28S-rRNA,2307,200144
28S-rRNA,2308,204426
28S-rRNA,2309,203614
28S-rRNA,2310,193408
28S-rRNA,2311,186429
28S-rRNA,2312,183702
28S-rRNA,2313,174296
28S-rRNA,2314,174012
28S-rRNA,2315,167478
28S-rRNA,2316,156795
28S-rRNA,2317,153872
28S-rRNA,2318,156803
28S-rRNA,2319,165121
28S-rRNA,2320,169893
28S-rRNA,2321,184463
28S-rRNA,2322,194513
28S-rRNA,2323,195195
28S-rRNA,2324,192993
28S-rRNA,2325,190391
28S-rRNA,2326,187585
28S-rRNA,2327,186014
28S-rRNA,2328,178329
28S-rRNA,2329,172211
28S-rRNA,2330,162684
28S-rRNA,2331,157681
28S-rRNA,2332,153751
28S-rRNA,2333,137834
28S-rRNA,2334,131194
28S-rRNA,2335,129373
28S-rRNA,2336,120665
28S-rRNA,2337,116421
28S-rRNA,2338,112767
28S-rRNA,2339,111098
28S-rRNA,2340,108816
28S-rRNA,2341,107697
28S-rRNA,2342,104089
28S-rRNA,2343,106300
28S-rRNA,2344,106376
28S-rRNA,2345,105786
28S-rRNA,2346,103760
28S-rRNA,2347,107645
28S-rRNA,2348,110805
28S-rRNA,2349,112623
28S-rRNA,2350,122467
28S-rRNA,2351,137945
28S-rRNA,2352,142567
28S-rRNA,2353,148860
28S-rRNA,2354,168579
28S-rRNA,2355,200496
28S-rRNA,2356,203126
28S-rRNA,2357,204335
28S-rRNA,2358,233363
28S-rRNA,2359,237711
28S-rRNA,2360,246610
28S-rRNA,2361,289736
28S-rRNA,2362,304264
28S-rRNA,2363,302734
28S-rRNA,2364,303145
28S-rRNA,2365,307521
28S-rRNA,2366,304665
28S-rRNA,2367,300578
28S-rRNA,2368,295288
28S-rRNA,2369,288804
28S-rRNA,2370,290453
28S-rRNA,2371,284484
28S-rRNA,2372,261624
28S-rRNA,2373,235412
28S-rRNA,2374,226634
28S-rRNA,2375,274594
28S-rRNA,2376,284315
28S-rRNA,2377,300498
28S-rRNA,2378,316065
28S-rRNA,2379,320867
28S-rRNA,2380,322812
28S-rRNA,2381,325489
28S-rRNA,2382,333343
28S-rRNA,2383,339968
28S-rRNA,2384,346191
28S-rRNA,2385,355727
28S-rRNA,2386,359238
28S-rRNA,2387,366747
28S-rRNA,2388,382402
28S-rRNA,2389,392858
28S-rRNA,2390,396242
28S-rRNA,2391,393651
28S-rRNA,2392,395127
28S-rRNA,2393,383589
28S-rRNA,2394,384945
28S-rRNA,2395,383990
28S-rRNA,2396,383055
28S-rRNA,2397,384568
28S-rRNA,2398,384738
28S-rRNA,2399,381786
28S-rRNA,2400,377181
28S-rRNA,2401,363048
28S-rRNA,2402,348147
28S-rRNA,2403,340324
28S-rRNA,2404,331849
28S-rRNA,2405,317726
28S-rRNA,2406,300070
28S-rRNA,2407,285571
28S-rRNA,2408,275844
28S-rRNA,2409,172744
28S-rRNA,2410,107795
28S-rRNA,2411,94174
28S-rRNA,2412,102432
28S-rRNA,2413,527976
28S-rRNA,2414,622533
28S-rRNA,2415,633659
28S-rRNA,2416,647938
28S-rRNA,2417,658993
28S-rRNA,2418,681986
28S-rRNA,2419,695181
28S-rRNA,2420,702619
28S-rRNA,2421,738802
28S-rRNA,2422,745761
28S-rRNA,2423,748212
28S-rRNA,2424,749198
28S-rRNA,2425,748555
28S-rRNA,2426,748064
28S-rRNA,2427,749187
28S-rRNA,2428,748889
28S-rRNA,2429,749046
28S-rRNA,2430,754614
28S-rRNA,2431,760153
28S-rRNA,2432,760854
28S-rRNA,2433,762794
28S-rRNA,2434,768919
28S-rRNA,2435,765573
28S-rRNA,2436,753324
28S-rRNA,2437,730339
28S-rRNA,2438,733919
28S-rRNA,2439,736389
28S-rRNA,2440,732874
28S-rRNA,2441,729600
28S-rRNA,2442,725933
28S-rRNA,2443,726806
28S-rRNA,2444,743038
28S-rRNA,2445,758463
28S-rRNA,2446,848457
28S-rRNA,2447,971947
28S-rRNA,2448,961027
28S-rRNA,2449,966119
28S-rRNA,2450,996476
28S-rRNA,2451,966902
28S-rRNA,2452,956789
28S-rRNA,2453,954471
28S-rRNA,2454,953761
28S-rRNA,2455,949311
28S-rRNA,2456,945519
28S-rRNA,2457,945547
28S-rRNA,2458,942003
28S-rRNA,2459,931437
28S-rRNA,2460,915678
28S-rRNA,2461,893256
28S-rRNA,2462,845211
28S-rRNA,2463,790485
28S-rRNA,2464,754246
28S-rRNA,2465,724931
28S-rRNA,2466,649083
28S-rRNA,2467,546624
28S-rRNA,2468,507314
28S-rRNA,2469,465573
28S-rRNA,2470,412282
28S-rRNA,2471,346252
28S-rRNA,2472,274165
28S-rRNA,2473,154030
28S-rRNA,2474,65130
28S-rRNA,2475,34980
28S-rRNA,2476,28235
28S-rRNA,2477,25743
28S-rRNA,2478,24586
28S-rRNA,2479,23827
28S-rRNA,2480,23498
28S-rRNA,2481,23533
28S-rRNA,2482,24247
28S-rRNA,2483,26665
28S-rRNA,2484,29408
28S-rRNA,2485,33627
28S-rRNA,2486,36297
28S-rRNA,2487,38382
28S-rRNA,2488,40536
28S-rRNA,2489,42707
28S-rRNA,2490,58236
28S-rRNA,2491,76737
28S-rRNA,2492,84361
28S-rRNA,2493,86294
28S-rRNA,2494,86237
28S-rRNA,2495,88892
28S-rRNA,2496,90007
28S-rRNA,2497,90121
28S-rRNA,2498,91507
28S-rRNA,2499,92366
28S-rRNA,2500,92205
28S-rRNA,2501,92173
28S-rRNA,2502,93289
28S-rRNA,2503,95394
28S-rRNA,2504,99261
28S-rRNA,2505,100805
28S-rRNA,2506,101210
28S-rRNA,2507,100879
28S-rRNA,2508,99894
28S-rRNA,2509,98583
28S-rRNA,2510,80757
28S-rRNA,2511,67345
28S-rRNA,2512,67729
28S-rRNA,2513,65396
28S-rRNA,2514,60504
28S-rRNA,2515,57607
28S-rRNA,2516,57313
28S-rRNA,2517,57876
28S-rRNA,2518,59727
28S-rRNA,2519,62872
28S-rRNA,2520,67874
28S-rRNA,2521,71896
28S-rRNA,2522,76715
28S-rRNA,2523,79998
28S-rRNA,2524,82346
28S-rRNA,2525,82326
28S-rRNA,2526,81380
28S-rRNA,2527,80165
28S-rRNA,2528,78569
28S-rRNA,2529,77660
28S-rRNA,2530,76849
28S-rRNA,2531,75858
28S-rRNA,2532,74274
28S-rRNA,2533,72149
28S-rRNA,2534,68103
28S-rRNA,2535,58847
28S-rRNA,2536,50407
28S-rRNA,2537,43239
28S-rRNA,2538,36999
28S-rRNA,2539,28824
28S-rRNA,2540,22586
28S-rRNA,2541,21918
28S-rRNA,2542,22866
28S-rRNA,2543,23065
28S-rRNA,2544,23052
28S-rRNA,2545,23549
28S-rRNA,2546,23933
28S-rRNA,2547,23939
28S-rRNA,2548,24463
28S-rRNA,2549,24760
28S-rRNA,2550,24829
28S-rRNA,2551,26091
28S-rRNA,2552,28113
28S-rRNA,2553,42363
28S-rRNA,2554,48546
28S-rRNA,2555,47357
28S-rRNA,2556,48406
28S-rRNA,2557,50190
28S-rRNA,2558,60077
28S-rRNA,2559,76460
28S-rRNA,2560,86574
28S-rRNA,2561,94267
28S-rRNA,2562,99478
28S-rRNA,2563,101398
28S-rRNA,2564,102220
28S-rRNA,2565,103856
28S-rRNA,2566,106061
28S-rRNA,2567,107260
28S-rRNA,2568,109672
28S-rRNA,2569,113793
28S-rRNA,2570,114940
28S-rRNA,2571,117322
28S-rRNA,2572,117815
28S-rRNA,2573,119553
28S-rRNA,2574,120520
28S-rRNA,2575,120215
28S-rRNA,2576,119641
28S-rRNA,2577,118987
28S-rRNA,2578,117996
28S-rRNA,2579,116937
28S-rRNA,2580,115783
28S-rRNA,2581,113715
28S-rRNA,2582,111485
28S-rRNA,2583,109756
28S-rRNA,2584,107566
28S-rRNA,2585,103831
28S-rRNA,2586,84883
28S-rRNA,2587,58770
28S-rRNA,2588,43089
28S-rRNA,2589,32934
28S-rRNA,2590,33773
28S-rRNA,2591,68379
28S-rRNA,2592,151441
28S-rRNA,2593,226904
28S-rRNA,2594,269513
28S-rRNA,2595,297115
28S-rRNA,2596,302112
28S-rRNA,2597,304030
28S-rRNA,2598,307400
28S-rRNA,2599,311152
28S-rRNA,2600,314401
28S-rRNA,2601,315626
28S-rRNA,2602,316118
28S-rRNA,2603,316628
28S-rRNA,2604,316987
28S-rRNA,2605,316817
28S-rRNA,2606,314737
28S-rRNA,2607,296526
28S-rRNA,2608,244523
28S-rRNA,2609,168787
28S-rRNA,2610,105322
28S-rRNA,2611,88691
28S-rRNA,2612,83545
28S-rRNA,2613,83127
28S-rRNA,2614,90107
28S-rRNA,2615,96939
28S-rRNA,2616,97264
28S-rRNA,2617,96680
28S-rRNA,2618,97254
28S-rRNA,2619,97757
28S-rRNA,2620,97190
28S-rRNA,2621,95948
28S-rRNA,2622,94191
28S-rRNA,2623,90626
28S-rRNA,2624,88622
28S-rRNA,2625,86669
28S-rRNA,2626,85029
28S-rRNA,2627,83592
28S-rRNA,2628,81117
28S-rRNA,2629,76054
28S-rRNA,2630,64155
28S-rRNA,2631,49553
28S-rRNA,2632,46345
28S-rRNA,2633,46245
28S-rRNA,2634,44511
28S-rRNA,2635,42855
28S-rRNA,2636,42084
28S-rRNA,2637,37774
28S-rRNA,2638,36432
28S-rRNA,2639,36929
28S-rRNA,2640,38400
28S-rRNA,2641,40342
28S-rRNA,2642,41384
28S-rRNA,2643,43811
28S-rRNA,2644,45535
28S-rRNA,2645,45650
28S-rRNA,2646,47120
28S-rRNA,2647,49396
28S-rRNA,2648,50429
28S-rRNA,2649,51063
28S-rRNA,2650,50876
28S-rRNA,2651,50665
28S-rRNA,2652,49869
28S-rRNA,2653,49497
28S-rRNA,2654,48541
28S-rRNA,2655,47594
28S-rRNA,2656,47695
28S-rRNA,2657,47084
28S-rRNA,2658,46307
28S-rRNA,2659,46342
28S-rRNA,2660,46630
28S-rRNA,2661,47077
28S-rRNA,2662,46991
28S-rRNA,2663,47038
28S-rRNA,2664,47181
28S-rRNA,2665,46606
28S-rRNA,2666,45719
28S-rRNA,2667,45359
28S-rRNA,2668,44910
28S-rRNA,2669,44578
28S-rRNA,2670,45673
28S-rRNA,2671,46785
28S-rRNA,2672,47887
28S-rRNA,2673,48496
28S-rRNA,2674,47815
28S-rRNA,2675,48322
28S-rRNA,2676,51370
28S-rRNA,2677,54971
28S-rRNA,2678,59844
28S-rRNA,2679,64142
28S-rRNA,2680,65982
28S-rRNA,2681,67219
28S-rRNA,2682,68051
28S-rRNA,2683,78029
28S-rRNA,2684,146743
28S-rRNA,2685,197294
28S-rRNA,2686,208834
28S-rRNA,2687,209660
28S-rRNA,2688,210582
28S-rRNA,2689,211794
28S-rRNA,2690,212938
28S-rRNA,2691,214627
28S-rRNA,2692,215040
28S-rRNA,2693,219516
28S-rRNA,2694,225840
28S-rRNA,2695,228127
28S-rRNA,2696,228632
28S-rRNA,2697,228946
28S-rRNA,2698,228497
28S-rRNA,2699,226470
28S-rRNA,2700,222250
28S-rRNA,2701,215066
28S-rRNA,2702,211240
28S-rRNA,2703,208887
28S-rRNA,2704,203393
28S-rRNA,2705,199411
28S-rRNA,2706,199518
28S-rRNA,2707,197606
28S-rRNA,2708,191538
28S-rRNA,2709,185327
28S-rRNA,2710,182353
28S-rRNA,2711,166428
28S-rRNA,2712,144480
28S-rRNA,2713,109108
28S-rRNA,2714,76247
28S-rRNA,2715,67661
28S-rRNA,2716,64717
28S-rRNA,2717,59259
28S-rRNA,2718,49027
28S-rRNA,2719,46711
28S-rRNA,2720,49699
28S-rRNA,2721,53140
28S-rRNA,2722,54761
28S-rRNA,2723,56646
28S-rRNA,2724,59519
28S-rRNA,2725,60368
28S-rRNA,2726,58451
28S-rRNA,2727,56664
28S-rRNA,2728,54999
28S-rRNA,2729,53036
28S-rRNA,2730,63586
28S-rRNA,2731,73272
28S-rRNA,2732,76916
28S-rRNA,2733,76655
28S-rRNA,2734,73718
28S-rRNA,2735,73228
28S-rRNA,2736,74158
28S-rRNA,2737,75047
28S-rRNA,2738,72879
28S-rRNA,2739,69307
28S-rRNA,2740,66509
28S-rRNA,2741,65225
28S-rRNA,2742,65706
28S-rRNA,2743,77571
28S-rRNA,2744,89005
28S-rRNA,2745,96904
28S-rRNA,2746,101540
28S-rRNA,2747,104710
28S-rRNA,2748,107222
28S-rRNA,2749,109402
28S-rRNA,2750,114955
28S-rRNA,2751,117890
28S-rRNA,2752,116418
28S-rRNA,2753,120676
28S-rRNA,2754,126588
28S-rRNA,2755,130599
28S-rRNA,2756,132242
28S-rRNA,2757,137060
28S-rRNA,2758,152070
28S-rRNA,2759,171073
28S-rRNA,2760,176844
28S-rRNA,2761,172130
28S-rRNA,2762,173593
28S-rRNA,2763,178742
28S-rRNA,2764,183088
28S-rRNA,2765,187992
28S-rRNA,2766,189685
28S-rRNA,2767,188761
28S-rRNA,2768,186873
28S-rRNA,2769,184913
28S-rRNA,2770,184945
28S-rRNA,2771,183614
28S-rRNA,2772,187572
28S-rRNA,2773,190094
28S-rRNA,2774,187396
28S-rRNA,2775,190123
28S-rRNA,2776,192012
28S-rRNA,2777,174268
28S-rRNA,2778,139826
28S-rRNA,2779,114021
28S-rRNA,2780,101787
28S-rRNA,2781,104844
28S-rRNA,2782,115634
28S-rRNA,2783,125928
28S-rRNA,2784,127809
28S-rRNA,2785,119052
28S-rRNA,2786,123248
28S-rRNA,2787,132549
28S-rRNA,2788,134874
28S-rRNA,2789,135678
28S-rRNA,2790,133188
28S-rRNA,2791,133600
28S-rRNA,2792,134104
28S-rRNA,2793,128931
28S-rRNA,2794,126409
28S-rRNA,2795,124494
28S-rRNA,2796,120592
28S-rRNA,2797,115011
28S-rRNA,2798,110960
28S-rRNA,2799,108744
28S-rRNA,2800,105829
28S-rRNA,2801,101448
28S-rRNA,2802,96241
28S-rRNA,2803,94807
28S-rRNA,2804,94667
28S-rRNA,2805,87831
28S-rRNA,2806,77704
28S-rRNA,2807,70098
28S-rRNA,2808,66915
28S-rRNA,2809,66034
28S-rRNA,2810,60048
28S-rRNA,2811,52981
28S-rRNA,2812,49083
28S-rRNA,2813,43387
28S-rRNA,2814,37999
28S-rRNA,2815,34947
28S-rRNA,2816,31710
28S-rRNA,2817,29256
28S-rRNA,2818,27551
28S-rRNA,2819,24975
28S-rRNA,2820,20826
28S-rRNA,2821,16956
28S-rRNA,2822,15085
28S-rRNA,2823,13121
28S-rRNA,2824,9526
28S-rRNA,2825,8833
28S-rRNA,2826,10004
28S-rRNA,2827,10614
28S-rRNA,2828,11411
28S-rRNA,2829,12881
28S-rRNA,2830,13524
28S-rRNA,2831,13486
28S-rRNA,2832,13999
28S-rRNA,2833,14360
28S-rRNA,2834,16385
28S-rRNA,2835,18226
28S-rRNA,2836,24146
28S-rRNA,2837,30893
28S-rRNA,2838,34137
28S-rRNA,2839,35582
28S-rRNA,2840,35755
28S-rRNA,2841,35219
28S-rRNA,2842,34591
28S-rRNA,2843,34265
28S-rRNA,2844,34021
28S-rRNA,2845,33327
28S-rRNA,2846,32193
28S-rRNA,2847,31916
28S-rRNA,2848,32611
28S-rRNA,2849,33286
28S-rRNA,2850,33232
28S-rRNA,2851,32365
28S-rRNA,2852,30761
28S-rRNA,2853,30965
28S-rRNA,2854,33528
28S-rRNA,2855,34854
28S-rRNA,2856,36465
28S-rRNA,2857,38150
28S-rRNA,2858,38193
28S-rRNA,2859,43145
28S-rRNA,2860,42965
28S-rRNA,2861,44390
28S-rRNA,2862,45920
28S-rRNA,2863,46328
28S-rRNA,2864,48355
28S-rRNA,2865,50639
28S-rRNA,2866,53080
28S-rRNA,2867,54248
28S-rRNA,2868,53968
28S-rRNA,2869,52591
28S-rRNA,2870,51596
28S-rRNA,2871,51799
28S-rRNA,2872,51638
28S-rRNA,2873,51841
28S-rRNA,2874,52081
28S-rRNA,2875,55969
28S-rRNA,2876,60576
28S-rRNA,2877,60057
28S-rRNA,2878,58917
28S-rRNA,2879,57941
28S-rRNA,2880,62160
28S-rRNA,2881,63201
28S-rRNA,2882,58319
28S-rRNA,2883,54160
28S-rRNA,2884,52663
28S-rRNA,2885,55498
28S-rRNA,2886,59739
28S-rRNA,2887,61280
28S-rRNA,2888,64917
28S-rRNA,2889,67059
28S-rRNA,2890,70013
28S-rRNA,2891,70672
28S-rRNA,2892,73470
28S-rRNA,2893,74805
28S-rRNA,2894,70636
28S-rRNA,2895,69098
28S-rRNA,2896,70513
28S-rRNA,2897,73117
28S-rRNA,2898,75133
28S-rRNA,2899,75512
28S-rRNA,2900,76874
28S-rRNA,2901,78513
28S-rRNA,2902,78380
28S-rRNA,2903,78253
28S-rRNA,2904,77963
28S-rRNA,2905,77402
28S-rRNA,2906,79326
28S-rRNA,2907,79519
28S-rRNA,2908,80250
28S-rRNA,2909,84925
28S-rRNA,2910,90885
28S-rRNA,2911,104788
28S-rRNA,2912,119960
28S-rRNA,2913,124176
28S-rRNA,2914,121827
28S-rRNA,2915,113282
28S-rRNA,2916,97920
28S-rRNA,2917,90167
28S-rRNA,2918,87576
28S-rRNA,2919,84898
28S-rRNA,2920,83569
28S-rRNA,2921,82987
28S-rRNA,2922,82187
28S-rRNA,2923,79708
28S-rRNA,2924,77638
28S-rRNA,2925,76391
28S-rRNA,2926,74602
28S-rRNA,2927,69578
28S-rRNA,2928,66349
28S-rRNA,2929,64956
28S-rRNA,2930,64327
28S-rRNA,2931,63859
28S-rRNA,2932,63399
28S-rRNA,2933,62951
28S-rRNA,2934,62079
28S-rRNA,2935,56049
28S-rRNA,2936,39007
28S-rRNA,2937,24934
28S-rRNA,2938,23296
28S-rRNA,2939,25978
28S-rRNA,2940,29487
28S-rRNA,2941,34520
28S-rRNA,2942,38949
28S-rRNA,2943,44000
28S-rRNA,2944,49320
28S-rRNA,2945,52784
28S-rRNA,2946,56125
28S-rRNA,2947,67217
28S-rRNA,2948,79143
28S-rRNA,2949,83124
28S-rRNA,2950,87149
28S-rRNA,2951,88736
28S-rRNA,2952,87668
28S-rRNA,2953,87101
28S-rRNA,2954,88114
28S-rRNA,2955,91972
28S-rRNA,2956,93636
28S-rRNA,2957,93877
28S-rRNA,2958,93780
28S-rRNA,2959,92120
28S-rRNA,2960,85520
28S-rRNA,2961,125068
28S-rRNA,2962,200837
28S-rRNA,2963,309506
28S-rRNA,2964,491733
28S-rRNA,2965,636596
28S-rRNA,2966,680212
28S-rRNA,2967,680286
28S-rRNA,2968,677000
28S-rRNA,2969,671172
28S-rRNA,2970,663509
28S-rRNA,2971,657534
28S-rRNA,2972,654742
28S-rRNA,2973,652150
28S-rRNA,2974,650272
28S-rRNA,2975,649837
28S-rRNA,2976,650015
28S-rRNA,2977,649971
28S-rRNA,2978,647704
28S-rRNA,2979,645076
28S-rRNA,2980,641998
28S-rRNA,2981,635812
28S-rRNA,2982,625265
28S-rRNA,2983,600299
28S-rRNA,2984,482294
28S-rRNA,2985,237244
28S-rRNA,2986,65864
28S-rRNA,2987,37615
28S-rRNA,2988,33989
28S-rRNA,2989,38776
28S-rRNA,2990,41845
28S-rRNA,2991,42119
28S-rRNA,2992,42125
28S-rRNA,2993,41593
28S-rRNA,2994,40843
28S-rRNA,2995,40456
28S-rRNA,2996,39830
28S-rRNA,2997,38985
28S-rRNA,2998,39990
28S-rRNA,2999,40436
28S-rRNA,3000,39393
28S-rRNA,3001,35923
28S-rRNA,3002,31636
28S-rRNA,3003,29154
28S-rRNA,3004,31052
28S-rRNA,3005,34316
28S-rRNA,3006,35959
28S-rRNA,3007,38577
28S-rRNA,3008,44677
28S-rRNA,3009,48437
28S-rRNA,3010,63780
28S-rRNA,3011,73715
28S-rRNA,3012,83852
28S-rRNA,3013,91235
28S-rRNA,3014,94823
28S-rRNA,3015,96073
28S-rRNA,3016,96482
28S-rRNA,3017,106129
28S-rRNA,3018,114065
28S-rRNA,3019,115104
28S-rRNA,3020,116546
28S-rRNA,3021,117320
28S-rRNA,3022,116970
28S-rRNA,3023,115641
28S-rRNA,3024,114756
28S-rRNA,3025,113242
28S-rRNA,3026,110207
28S-rRNA,3027,106030
28S-rRNA,3028,100729
28S-rRNA,3029,80796
28S-rRNA,3030,62749
28S-rRNA,3031,55568
28S-rRNA,3032,46095
28S-rRNA,3033,43092
28S-rRNA,3034,43124
28S-rRNA,3035,44984
28S-rRNA,3036,46915
28S-rRNA,3037,47583
28S-rRNA,3038,47738
28S-rRNA,3039,46987
28S-rRNA,3040,45171
28S-rRNA,3041,44188
28S-rRNA,3042,41182
28S-rRNA,3043,38162
28S-rRNA,3044,37473
28S-rRNA,3045,36929
28S-rRNA,3046,35733
28S-rRNA,3047,35175
28S-rRNA,3048,36352
28S-rRNA,3049,36095
28S-rRNA,3050,35670
28S-rRNA,3051,36108
28S-rRNA,3052,36724
28S-rRNA,3053,37458
28S-rRNA,3054,36811
28S-rRNA,3055,33273
28S-rRNA,3056,27715
28S-rRNA,3057,23849
28S-rRNA,3058,22089
28S-rRNA,3059,21590
28S-rRNA,3060,21992
28S-rRNA,3061,22160
28S-rRNA,3062,20535
28S-rRNA,3063,17653
28S-rRNA,3064,15136
28S-rRNA,3065,14754
28S-rRNA,3066,15410
28S-rRNA,3067,17841
28S-rRNA,3068,24403
28S-rRNA,3069,37808
28S-rRNA,3070,54782
28S-rRNA,3071,71207
28S-rRNA,3072,83653
28S-rRNA,3073,88563
28S-rRNA,3074,88882
28S-rRNA,3075,88456
28S-rRNA,3076,112873
28S-rRNA,3077,143887
28S-rRNA,3078,168420
28S-rRNA,3079,223219
28S-rRNA,3080,271781
28S-rRNA,3081,289051
28S-rRNA,3082,308756
28S-rRNA,3083,338784
28S-rRNA,3084,359746
28S-rRNA,3085,372576
28S-rRNA,3086,380327
28S-rRNA,3087,383100
28S-rRNA,3088,378307
28S-rRNA,3089,371357
28S-rRNA,3090,367186
28S-rRNA,3091,362798
28S-rRNA,3092,359209
28S-rRNA,3093,356888
28S-rRNA,3094,350637
28S-rRNA,3095,347180
28S-rRNA,3096,347457
28S-rRNA,3097,357085
28S-rRNA,3098,373391
28S-rRNA,3099,370799
28S-rRNA,3100,357397
28S-rRNA,3101,338851
28S-rRNA,3102,321846
28S-rRNA,3103,311769
28S-rRNA,3104,304990
28S-rRNA,3105,293102
28S-rRNA,3106,280872
28S-rRNA,3107,279124
28S-rRNA,3108,276574
28S-rRNA,3109,260578
28S-rRNA,3110,224840
28S-rRNA,3111,177260
28S-rRNA,3112,114011
28S-rRNA,3113,76124
28S-rRNA,3114,69918
28S-rRNA,3115,69843
28S-rRNA,3116,70296
28S-rRNA,3117,69129
28S-rRNA,3118,67057
28S-rRNA,3119,65925
28S-rRNA,3120,66105
28S-rRNA,3121,69828
28S-rRNA,3122,71342
28S-rRNA,3123,71630
28S-rRNA,3124,73471
28S-rRNA,3125,78698
28S-rRNA,3126,83892
28S-rRNA,3127,86643
28S-rRNA,3128,85743
28S-rRNA,3129,83106
28S-rRNA,3130,80869
28S-rRNA,3131,77840
28S-rRNA,3132,71942
28S-rRNA,3133,69027
28S-rRNA,3134,78179
28S-rRNA,3135,88407
28S-rRNA,3136,91639
28S-rRNA,3137,93722
28S-rRNA,3138,98257
28S-rRNA,3139,104631
28S-rRNA,3140,110214
28S-rRNA,3141,112254
28S-rRNA,3142,110438
28S-rRNA,3143,109265
28S-rRNA,3144,111254
28S-rRNA,3145,111392
28S-rRNA,3146,109365
28S-rRNA,3147,101623
28S-rRNA,3148,92778
28S-rRNA,3149,87331
28S-rRNA,3150,83106
28S-rRNA,3151,80525
28S-rRNA,3152,79867
28S-rRNA,3153,82814
28S-rRNA,3154,88083
28S-rRNA,3155,91212
28S-rRNA,3156,102202
28S-rRNA,3157,114719
28S-rRNA,3158,122085
28S-rRNA,3159,125167
28S-rRNA,3160,114876
28S-rRNA,3161,101374
28S-rRNA,3162,95513
28S-rRNA,3163,93239
28S-rRNA,3164,90120
28S-rRNA,3165,86975
28S-rRNA,3166,86229
28S-rRNA,3167,86586
28S-rRNA,3168,85786
28S-rRNA,3169,86076
28S-rRNA,3170,89350
28S-rRNA,3171,84601
28S-rRNA,3172,78067
28S-rRNA,3173,75056
28S-rRNA,3174,74385
28S-rRNA,3175,74473
28S-rRNA,3176,73293
28S-rRNA,3177,71435
28S-rRNA,3178,70582
28S-rRNA,3179,67227
28S-rRNA,3180,58644
28S-rRNA,3181,49851
28S-rRNA,3182,41162
28S-rRNA,3183,34070
28S-rRNA,3184,28340
28S-rRNA,3185,24689
28S-rRNA,3186,22050
28S-rRNA,3187,17813
28S-rRNA,3188,16643
28S-rRNA,3189,22524
28S-rRNA,3190,34776
28S-rRNA,3191,42609
28S-rRNA,3192,62259
28S-rRNA,3193,83303
28S-rRNA,3194,87489
28S-rRNA,3195,89047
28S-rRNA,3196,92683
28S-rRNA,3197,97549
28S-rRNA,3198,100652
28S-rRNA,3199,102455
28S-rRNA,3200,104896
28S-rRNA,3201,106479
28S-rRNA,3202,106002
28S-rRNA,3203,104506
28S-rRNA,3204,103502
28S-rRNA,3205,102759
28S-rRNA,3206,102081
28S-rRNA,3207,101435
28S-rRNA,3208,99971
28S-rRNA,3209,97091
28S-rRNA,3210,92536
28S-rRNA,3211,85508
28S-rRNA,3212,79530
28S-rRNA,3213,76834
28S-rRNA,3214,75378
28S-rRNA,3215,73432
28S-rRNA,3216,67178
28S-rRNA,3217,40577
28S-rRNA,3218,18537
28S-rRNA,3219,19440
28S-rRNA,3220,100285
28S-rRNA,3221,153227
28S-rRNA,3222,312881
28S-rRNA,3223,462082
28S-rRNA,3224,514365
28S-rRNA,3225,529471
28S-rRNA,3226,532209
28S-rRNA,3227,533769
28S-rRNA,3228,551536
28S-rRNA,3229,573223
28S-rRNA,3230,584915
28S-rRNA,3231,592324
28S-rRNA,3232,596306
28S-rRNA,3233,597920
28S-rRNA,3234,598312
28S-rRNA,3235,596624
28S-rRNA,3236,594546
28S-rRNA,3237,594945
28S-rRNA,3238,601196
28S-rRNA,3239,594967
28S-rRNA,3240,576986
28S-rRNA,3241,564833
28S-rRNA,3242,523583
28S-rRNA,3243,451310
28S-rRNA,3244,385910
28S-rRNA,3245,348900
28S-rRNA,3246,328522
28S-rRNA,3247,286036
28S-rRNA,3248,181275
28S-rRNA,3249,110217
28S-rRNA,3250,92035
28S-rRNA,3251,79384
28S-rRNA,3252,73418
28S-rRNA,3253,72861
28S-rRNA,3254,72858
28S-rRNA,3255,72761
28S-rRNA,3256,75392
28S-rRNA,3257,78993
28S-rRNA,3258,82529
28S-rRNA,3259,83115
28S-rRNA,3260,82190
28S-rRNA,3261,80691
28S-rRNA,3262,78576
28S-rRNA,3263,77571
28S-rRNA,3264,75283
28S-rRNA,3265,70320
28S-rRNA,3266,64629
28S-rRNA,3267,51137
28S-rRNA,3268,42695
28S-rRNA,3269,37081
28S-rRNA,3270,30351
28S-rRNA,3271,27253
28S-rRNA,3272,26761
28S-rRNA,3273,26493
28S-rRNA,3274,25818
28S-rRNA,3275,24642
28S-rRNA,3276,23844
28S-rRNA,3277,23124
28S-rRNA,3278,22667
28S-rRNA,3279,22556
28S-rRNA,3280,23291
28S-rRNA,3281,23918
28S-rRNA,3282,18177
28S-rRNA,3283,11426
28S-rRNA,3284,10398
28S-rRNA,3285,11809
28S-rRNA,3286,16243
28S-rRNA,3287,25335
28S-rRNA,3288,29444
28S-rRNA,3289,29765
28S-rRNA,3290,29371
28S-rRNA,3291,29498
28S-rRNA,3292,29874
28S-rRNA,3293,29963
28S-rRNA,3294,29879
28S-rRNA,3295,29527
28S-rRNA,3296,28567
28S-rRNA,3297,27737
28S-rRNA,3298,27264
28S-rRNA,3299,26793
28S-rRNA,3300,26689
28S-rRNA,3301,25096
28S-rRNA,3302,14568
28S-rRNA,3303,6583
28S-rRNA,3304,4526
28S-rRNA,3305,3958
28S-rRNA,3306,3587
28S-rRNA,3307,3230
28S-rRNA,3308,3080
28S-rRNA,3309,3051
28S-rRNA,3310,3030
28S-rRNA,3311,2955
28S-rRNA,3312,2820
28S-rRNA,3313,2705
28S-rRNA,3314,2492
28S-rRNA,3315,2313
28S-rRNA,3316,1950
28S-rRNA,3317,1500
28S-rRNA,3318,1282
28S-rRNA,3319,1140
28S-rRNA,3320,1017
28S-rRNA,3321,881
28S-rRNA,3322,848
28S-rRNA,3323,788
28S-rRNA,3324,985
28S-rRNA,3325,1109
28S-rRNA,3326,1247
28S-rRNA,3327,1482
28S-rRNA,3328,1578
28S-rRNA,3329,1712
28S-rRNA,3330,2942
28S-rRNA,3331,3567
28S-rRNA,3332,3712
28S-rRNA,3333,3928
28S-rRNA,3334,6229
28S-rRNA,3335,8208
28S-rRNA,3336,13945
28S-rRNA,3337,17972
28S-rRNA,3338,20428
28S-rRNA,3339,21629
28S-rRNA,3340,22212
28S-rRNA,3341,23745
28S-rRNA,3342,25777
28S-rRNA,3343,28260
28S-rRNA,3344,30001
28S-rRNA,3345,31749
28S-rRNA,3346,33997
28S-rRNA,3347,36316
28S-rRNA,3348,40313
28S-rRNA,3349,45956
28S-rRNA,3350,57178
28S-rRNA,3351,66316
28S-rRNA,3352,71125
28S-rRNA,3353,78577
28S-rRNA,3354,84852
28S-rRNA,3355,88391
28S-rRNA,3356,91753
28S-rRNA,3357,98550
28S-rRNA,3358,106248
28S-rRNA,3359,108439
28S-rRNA,3360,109199
28S-rRNA,3361,109583
28S-rRNA,3362,109505
28S-rRNA,3363,110371
28S-rRNA,3364,112365
28S-rRNA,3365,114676
28S-rRNA,3366,115008
28S-rRNA,3367,114357
28S-rRNA,3368,113593
28S-rRNA,3369,111567
28S-rRNA,3370,108054
28S-rRNA,3371,102315
28S-rRNA,3372,96453
28S-rRNA,3373,88917
28S-rRNA,3374,81559
28S-rRNA,3375,75971
28S-rRNA,3376,70131
28S-rRNA,3377,61424
28S-rRNA,3378,52212
28S-rRNA,3379,36590
28S-rRNA,3380,24488
28S-rRNA,3381,18814
28S-rRNA,3382,17660
28S-rRNA,3383,16971
28S-rRNA,3384,15943
28S-rRNA,3385,15246
28S-rRNA,3386,16607
28S-rRNA,3387,19038
28S-rRNA,3388,22215
28S-rRNA,3389,23546
28S-rRNA,3390,24469
28S-rRNA,3391,29764
28S-rRNA,3392,56109
28S-rRNA,3393,79703
28S-rRNA,3394,85358
28S-rRNA,3395,91459
28S-rRNA,3396,112074
28S-rRNA,3397,126560
28S-rRNA,3398,139700
28S-rRNA,3399,149917
28S-rRNA,3400,154114
28S-rRNA,3401,155817
28S-rRNA,3402,156754
28S-rRNA,3403,157688
28S-rRNA,3404,158061
28S-rRNA,3405,157726
28S-rRNA,3406,157327
28S-rRNA,3407,156533
28S-rRNA,3408,152761
28S-rRNA,3409,138974
28S-rRNA,3410,126015
28S-rRNA,3411,126644
28S-rRNA,3412,130701
28S-rRNA,3413,133281
28S-rRNA,3414,133499
28S-rRNA,3415,130619
28S-rRNA,3416,124413
28S-rRNA,3417,117807
28S-rRNA,3418,115567
28S-rRNA,3419,114235
28S-rRNA,3420,113698
28S-rRNA,3421,112804
28S-rRNA,3422,111825
28S-rRNA,3423,105546
28S-rRNA,3424,93173
28S-rRNA,3425,84955
28S-rRNA,3426,68507
28S-rRNA,3427,57579
28S-rRNA,3428,49879
28S-rRNA,3429,41013
28S-rRNA,3430,36641
28S-rRNA,3431,36007
28S-rRNA,3432,35457
28S-rRNA,3433,35015
28S-rRNA,3434,35483
28S-rRNA,3435,35215
28S-rRNA,3436,35249
28S-rRNA,3437,35306
28S-rRNA,3438,34859
28S-rRNA,3439,34581
28S-rRNA,3440,34970
28S-rRNA,3441,35816
28S-rRNA,3442,33649
28S-rRNA,3443,36519
28S-rRNA,3444,36914
28S-rRNA,3445,36305
28S-rRNA,3446,36028
28S-rRNA,3447,35967
28S-rRNA,3448,37000
28S-rRNA,3449,36919
28S-rRNA,3450,36104
28S-rRNA,3451,34587
28S-rRNA,3452,33046
28S-rRNA,3453,31908
28S-rRNA,3454,30856
28S-rRNA,3455,29373
28S-rRNA,3456,27888
28S-rRNA,3457,26963
28S-rRNA,3458,26562
28S-rRNA,3459,27359
28S-rRNA,3460,31573
28S-rRNA,3461,40427
28S-rRNA,3462,52966
28S-rRNA,3463,63168
28S-rRNA,3464,66816
28S-rRNA,3465,67804
28S-rRNA,3466,69400
28S-rRNA,3467,74751
28S-rRNA,3468,83617
28S-rRNA,3469,87725
28S-rRNA,3470,89505
28S-rRNA,3471,93975
28S-rRNA,3472,101581
28S-rRNA,3473,107710
28S-rRNA,3474,111755
28S-rRNA,3475,114506
28S-rRNA,3476,119629
28S-rRNA,3477,124172
28S-rRNA,3478,125712
28S-rRNA,3479,124699
28S-rRNA,3480,126231
28S-rRNA,3481,129624
28S-rRNA,3482,130051
28S-rRNA,3483,127765
28S-rRNA,3484,119456
28S-rRNA,3485,110790
28S-rRNA,3486,109938
28S-rRNA,3487,110584
28S-rRNA,3488,111101
28S-rRNA,3489,111274
28S-rRNA,3490,110894
28S-rRNA,3491,108459
28S-rRNA,3492,105557
28S-rRNA,3493,104719
28S-rRNA,3494,101398
28S-rRNA,3495,93833
28S-rRNA,3496,85710
28S-rRNA,3497,79365
28S-rRNA,3498,70199
28S-rRNA,3499,67129
28S-rRNA,3500,66960
28S-rRNA,3501,63778
28S-rRNA,3502,59930
28S-rRNA,3503,58831
28S-rRNA,3504,59649
28S-rRNA,3505,62265
28S-rRNA,3506,63372
28S-rRNA,3507,64017
28S-rRNA,3508,63400
28S-rRNA,3509,62875
28S-rRNA,3510,61654
28S-rRNA,3511,62432
28S-rRNA,3512,61629
28S-rRNA,3513,60656
28S-rRNA,3514,61587
28S-rRNA,3515,62972
28S-rRNA,3516,63365
28S-rRNA,3517,62713
28S-rRNA,3518,62541
28S-rRNA,3519,62624
28S-rRNA,3520,59132
28S-rRNA,3521,56230
28S-rRNA,3522,54270
28S-rRNA,3523,53220
28S-rRNA,3524,52288
28S-rRNA,3525,51453
28S-rRNA,3526,48377
28S-rRNA,3527,46935
28S-rRNA,3528,45996
28S-rRNA,3529,44058
28S-rRNA,3530,42113
28S-rRNA,3531,41021
28S-rRNA,3532,40401
28S-rRNA,3533,37268
28S-rRNA,3534,34519
28S-rRNA,3535,33378
28S-rRNA,3536,32198
28S-rRNA,3537,30901
28S-rRNA,3538,29565
28S-rRNA,3539,29694
28S-rRNA,3540,30166
28S-rRNA,3541,30899
28S-rRNA,3542,32571
28S-rRNA,3543,33740
28S-rRNA,3544,35537
28S-rRNA,3545,36939
28S-rRNA,3546,38048
28S-rRNA,3547,38990
28S-rRNA,3548,39309
28S-rRNA,3549,39803
28S-rRNA,3550,40550
28S-rRNA,3551,40608
28S-rRNA,3552,40916
28S-rRNA,3553,41345
28S-rRNA,3554,42272
28S-rRNA,3555,43180
28S-rRNA,3556,46221
28S-rRNA,3557,49726
28S-rRNA,3558,51137
28S-rRNA,3559,51058
28S-rRNA,3560,51584
28S-rRNA,3561,53717
28S-rRNA,3562,55105
28S-rRNA,3563,59649
28S-rRNA,3564,62648
28S-rRNA,3565,63478
28S-rRNA,3566,63293
28S-rRNA,3567,61631
28S-rRNA,3568,61083
28S-rRNA,3569,59308
28S-rRNA,3570,58237
28S-rRNA,3571,56283
28S-rRNA,3572,54710
28S-rRNA,3573,53614
28S-rRNA,3574,52330
28S-rRNA,3575,50399
28S-rRNA,3576,49315
28S-rRNA,3577,49764
28S-rRNA,3578,50222
28S-rRNA,3579,51501
28S-rRNA,3580,52988
28S-rRNA,3581,53618
28S-rRNA,3582,53313
28S-rRNA,3583,52616
28S-rRNA,3584,51718
28S-rRNA,3585,51273
28S-rRNA,3586,50918
28S-rRNA,3587,51697
28S-rRNA,3588,51634
28S-rRNA,3589,51691
28S-rRNA,3590,50336
28S-rRNA,3591,47836
28S-rRNA,3592,47120
28S-rRNA,3593,46768
28S-rRNA,3594,50310
28S-rRNA,3595,58276
28S-rRNA,3596,61572
28S-rRNA,3597,64336
28S-rRNA,3598,70460
28S-rRNA,3599,74465
28S-rRNA,3600,77732
28S-rRNA,3601,82100
28S-rRNA,3602,83288
28S-rRNA,3603,83029
28S-rRNA,3604,84347
28S-rRNA,3605,84512
28S-rRNA,3606,84672
28S-rRNA,3607,84790
28S-rRNA,3608,85076
28S-rRNA,3609,85129
28S-rRNA,3610,84129
28S-rRNA,3611,95480
28S-rRNA,3612,108790
28S-rRNA,3613,117745
28S-rRNA,3614,122870
28S-rRNA,3615,126835
28S-rRNA,3616,185188
28S-rRNA,3617,221426
28S-rRNA,3618,227882
28S-rRNA,3619,228285
28S-rRNA,3620,229139
28S-rRNA,3621,229385
28S-rRNA,3622,229209
28S-rRNA,3623,230789
28S-rRNA,3624,232774
28S-rRNA,3625,235776
28S-rRNA,3626,239462
28S-rRNA,3627,241496
28S-rRNA,3628,243258
28S-rRNA,3629,243720
28S-rRNA,3630,242213
28S-rRNA,3631,239227
28S-rRNA,3632,231290
28S-rRNA,3633,226145
28S-rRNA,3634,227328
28S-rRNA,3635,229994
28S-rRNA,3636,287678
28S-rRNA,3637,299382
28S-rRNA,3638,292051
28S-rRNA,3639,280585
28S-rRNA,3640,258244
28S-rRNA,3641,240052
28S-rRNA,3642,266770
28S-rRNA,3643,344695
28S-rRNA,3644,403214
28S-rRNA,3645,426181
28S-rRNA,3646,443769
28S-rRNA,3647,449396
28S-rRNA,3648,447571
28S-rRNA,3649,441019
28S-rRNA,3650,434016
28S-rRNA,3651,354314
28S-rRNA,3652,329721
28S-rRNA,3653,325637
28S-rRNA,3654,324611
28S-rRNA,3655,337504
28S-rRNA,3656,344690
28S-rRNA,3657,347486
28S-rRNA,3658,346073
28S-rRNA,3659,335594
28S-rRNA,3660,309129
28S-rRNA,3661,285212
28S-rRNA,3662,284390
28S-rRNA,3663,281677
28S-rRNA,3664,280067
28S-rRNA,3665,273109
28S-rRNA,3666,260648
28S-rRNA,3667,251769
28S-rRNA,3668,256665
28S-rRNA,3669,265872
28S-rRNA,3670,276753
28S-rRNA,3671,295453
28S-rRNA,3672,303889
28S-rRNA,3673,306515
28S-rRNA,3674,307508
28S-rRNA,3675,309007
28S-rRNA,3676,320820
28S-rRNA,3677,339176
28S-rRNA,3678,347668
28S-rRNA,3679,350231
28S-rRNA,3680,351641
28S-rRNA,3681,352947
28S-rRNA,3682,355291
28S-rRNA,3683,354534
28S-rRNA,3684,345692
28S-rRNA,3685,328978
28S-rRNA,3686,313131
28S-rRNA,3687,302475
28S-rRNA,3688,292753
28S-rRNA,3689,290498
28S-rRNA,3690,290773
28S-rRNA,3691,290581
28S-rRNA,3692,290914
28S-rRNA,3693,288012
28S-rRNA,3694,283468
28S-rRNA,3695,255001
28S-rRNA,3696,170106
28S-rRNA,3697,106105
28S-rRNA,3698,100941
28S-rRNA,3699,102457
28S-rRNA,3700,112531
28S-rRNA,3701,117384
28S-rRNA,3702,137292
28S-rRNA,3703,155041
28S-rRNA,3704,155617
28S-rRNA,3705,155844
28S-rRNA,3706,155976
28S-rRNA,3707,155417
28S-rRNA,3708,154823
28S-rRNA,3709,154545
28S-rRNA,3710,154606
28S-rRNA,3711,154218
28S-rRNA,3712,153878
28S-rRNA,3713,153421
28S-rRNA,3714,152744
28S-rRNA,3715,152074
28S-rRNA,3716,148989
28S-rRNA,3717,93995
28S-rRNA,3718,45820
28S-rRNA,3719,35630
28S-rRNA,3720,33335
28S-rRNA,3721,32052
28S-rRNA,3722,30989
28S-rRNA,3723,30486
28S-rRNA,3724,29635
28S-rRNA,3725,28322
28S-rRNA,3726,27690
28S-rRNA,3727,26660
28S-rRNA,3728,25421
28S-rRNA,3729,24483
28S-rRNA,3730,23534
28S-rRNA,3731,23008
28S-rRNA,3732,34675
28S-rRNA,3733,45285
28S-rRNA,3734,47522
28S-rRNA,3735,47400
28S-rRNA,3736,47119
28S-rRNA,3737,46010
28S-rRNA,3738,47072
28S-rRNA,3739,48687
28S-rRNA,3740,116197
28S-rRNA,3741,174218
28S-rRNA,3742,189560
28S-rRNA,3743,191913
28S-rRNA,3744,192353
28S-rRNA,3745,192888
28S-rRNA,3746,194642
28S-rRNA,3747,196721
28S-rRNA,3748,197933
28S-rRNA,3749,198232
28S-rRNA,3750,197720
28S-rRNA,3751,195949
28S-rRNA,3752,189334
28S-rRNA,3753,182645
28S-rRNA,3754,178280
28S-rRNA,3755,168392
28S-rRNA,3756,155088
28S-rRNA,3757,142332
28S-rRNA,3758,135998
28S-rRNA,3759,135216
28S-rRNA,3760,133504
28S-rRNA,3761,131927
28S-rRNA,3762,130245
28S-rRNA,3763,127268
28S-rRNA,3764,102778
28S-rRNA,3765,43230
28S-rRNA,3766,9572
28S-rRNA,3767,4437
28S-rRNA,3768,4089
28S-rRNA,3769,9181
28S-rRNA,3770,27265
28S-rRNA,3771,75557
28S-rRNA,3772,178117
28S-rRNA,3773,273221
28S-rRNA,3774,301636
28S-rRNA,3775,302478
28S-rRNA,3776,302815
28S-rRNA,3777,302926
28S-rRNA,3778,303455
28S-rRNA,3779,303770
28S-rRNA,3780,305227
28S-rRNA,3781,306131
28S-rRNA,3782,307242
28S-rRNA,3783,308834
28S-rRNA,3784,310164
28S-rRNA,3785,312116
28S-rRNA,3786,313592
28S-rRNA,3787,316410
28S-rRNA,3788,319035
28S-rRNA,3789,320259
28S-rRNA,3790,321567
28S-rRNA,3791,321722
28S-rRNA,3792,320789
28S-rRNA,3793,317264
28S-rRNA,3794,247344
28S-rRNA,3795,180032
28S-rRNA,3796,177918
28S-rRNA,3797,177298
28S-rRNA,3798,177029
28S-rRNA,3799,177195
28S-rRNA,3800,177515
28S-rRNA,3801,179568
28S-rRNA,3802,181328
28S-rRNA,3803,181016
28S-rRNA,3804,181363
28S-rRNA,3805,182748
28S-rRNA,3806,184790
28S-rRNA,3807,186969
28S-rRNA,3808,188393
28S-rRNA,3809,190084
28S-rRNA,3810,191180
28S-rRNA,3811,191349
28S-rRNA,3812,192862
28S-rRNA,3813,206327
28S-rRNA,3814,216821
28S-rRNA,3815,220060
28S-rRNA,3816,220783
28S-rRNA,3817,219745
28S-rRNA,3818,216199
28S-rRNA,3819,206638
28S-rRNA,3820,191147
28S-rRNA,3821,190880
28S-rRNA,3822,193113
28S-rRNA,3823,193595
28S-rRNA,3824,194436
28S-rRNA,3825,194972
28S-rRNA,3826,195742
28S-rRNA,3827,195316
28S-rRNA,3828,189596
28S-rRNA,3829,178850
28S-rRNA,3830,156701
28S-rRNA,3831,132697
28S-rRNA,3832,118131
28S-rRNA,3833,104602
28S-rRNA,3834,91921
28S-rRNA,3835,77347
28S-rRNA,3836,54558
28S-rRNA,3837,36278
28S-rRNA,3838,29573
28S-rRNA,3839,25642
28S-rRNA,3840,23834
28S-rRNA,3841,83741
28S-rRNA,3842,155329
28S-rRNA,3843,187422
28S-rRNA,3844,199142
28S-rRNA,3845,206700
28S-rRNA,3846,210796
28S-rRNA,3847,211775
28S-rRNA,3848,212650
28S-rRNA,3849,212083
28S-rRNA,3850,213844
28S-rRNA,3851,215702
28S-rRNA,3852,216687
28S-rRNA,3853,217259
28S-rRNA,3854,217496
28S-rRNA,3855,217685
28S-rRNA,3856,217454
28S-rRNA,3857,217233
28S-rRNA,3858,217019
28S-rRNA,3859,216178
28S-rRNA,3860,214569
28S-rRNA,3861,213665
28S-rRNA,3862,209379
28S-rRNA,3863,201598
28S-rRNA,3864,198363
28S-rRNA,3865,196778
28S-rRNA,3866,194845
28S-rRNA,3867,193558
28S-rRNA,3868,193234
28S-rRNA,3869,192945
28S-rRNA,3870,193368
28S-rRNA,3871,197300
28S-rRNA,3872,191938
28S-rRNA,3873,183243
28S-rRNA,3874,176582
28S-rRNA,3875,152075
28S-rRNA,3876,119853
28S-rRNA,3877,66130
28S-rRNA,3878,40888
28S-rRNA,3879,30513
28S-rRNA,3880,25636
28S-rRNA,3881,26178
28S-rRNA,3882,26498
28S-rRNA,3883,26779
28S-rRNA,3884,27216
28S-rRNA,3885,27352
28S-rRNA,3886,22678
28S-rRNA,3887,20843
28S-rRNA,3888,20726
28S-rRNA,3889,20780
28S-rRNA,3890,20872
28S-rRNA,3891,20893
28S-rRNA,3892,20951
28S-rRNA,3893,21954
28S-rRNA,3894,21985
28S-rRNA,3895,23755
28S-rRNA,3896,25024
28S-rRNA,3897,28897
28S-rRNA,3898,31617
28S-rRNA,3899,34869
28S-rRNA,3900,41017
28S-rRNA,3901,43901
28S-rRNA,3902,47225
28S-rRNA,3903,48857
28S-rRNA,3904,52233
28S-rRNA,3905,57177
28S-rRNA,3906,56937
28S-rRNA,3907,56330
28S-rRNA,3908,54231
28S-rRNA,3909,51026
28S-rRNA,3910,53076
28S-rRNA,3911,55666
28S-rRNA,3912,55704
28S-rRNA,3913,55453
28S-rRNA,3914,55282
28S-rRNA,3915,53735
28S-rRNA,3916,54800
28S-rRNA,3917,49895
28S-rRNA,3918,50204
28S-rRNA,3919,50732
28S-rRNA,3920,52056
28S-rRNA,3921,53624
28S-rRNA,3922,54328
28S-rRNA,3923,55883
28S-rRNA,3924,56796
28S-rRNA,3925,57019
28S-rRNA,3926,53565
28S-rRNA,3927,57647
28S-rRNA,3928,62107
28S-rRNA,3929,67181
28S-rRNA,3930,67343
28S-rRNA,3931,67543
28S-rRNA,3932,67067
28S-rRNA,3933,65707
28S-rRNA,3934,65246
28S-rRNA,3935,59750
28S-rRNA,3936,56631
28S-rRNA,3937,54502
28S-rRNA,3938,54546
28S-rRNA,3939,53081
28S-rRNA,3940,51102
28S-rRNA,3941,50587
28S-rRNA,3942,50019
28S-rRNA,3943,49418
28S-rRNA,3944,48694
28S-rRNA,3945,83045
28S-rRNA,3946,82230
28S-rRNA,3947,76632
28S-rRNA,3948,72411
28S-rRNA,3949,68046
28S-rRNA,3950,68114
28S-rRNA,3951,69013
28S-rRNA,3952,70819
28S-rRNA,3953,74042
28S-rRNA,3954,75390
28S-rRNA,3955,75359
28S-rRNA,3956,76202
28S-rRNA,3957,79108
28S-rRNA,3958,84183
28S-rRNA,3959,86610
28S-rRNA,3960,87774
28S-rRNA,3961,66554
28S-rRNA,3962,69078
28S-rRNA,3963,70282
28S-rRNA,3964,71920
28S-rRNA,3965,72260
28S-rRNA,3966,72414
28S-rRNA,3967,72203
28S-rRNA,3968,72506
28S-rRNA,3969,72436
28S-rRNA,3970,72363
28S-rRNA,3971,83785
28S-rRNA,3972,91558
28S-rRNA,3973,92150
28S-rRNA,3974,98805
28S-rRNA,3975,105170
28S-rRNA,3976,113470
28S-rRNA,3977,114726
28S-rRNA,3978,116033
28S-rRNA,3979,116007
28S-rRNA,3980,114765
28S-rRNA,3981,114136
28S-rRNA,3982,113906
28S-rRNA,3983,122544
28S-rRNA,3984,119849
28S-rRNA,3985,117138
28S-rRNA,3986,117484
28S-rRNA,3987,115152
28S-rRNA,3988,100057
28S-rRNA,3989,84036
28S-rRNA,3990,76850
28S-rRNA,3991,74007
28S-rRNA,3992,74586
28S-rRNA,3993,79174
28S-rRNA,3994,89353
28S-rRNA,3995,92888
28S-rRNA,3996,95368
28S-rRNA,3997,101949
28S-rRNA,3998,102933
28S-rRNA,3999,91509
28S-rRNA,4000,94397
28S-rRNA,4001,95042
28S-rRNA,4002,92910
28S-rRNA,4003,96126
28S-rRNA,4004,97133
28S-rRNA,4005,97080
28S-rRNA,4006,95238
28S-rRNA,4007,94784
28S-rRNA,4008,96621
28S-rRNA,4009,96989
28S-rRNA,4010,97655
28S-rRNA,4011,99403
28S-rRNA,4012,100358
28S-rRNA,4013,99297
28S-rRNA,4014,98174
28S-rRNA,4015,97419
28S-rRNA,4016,95185
28S-rRNA,4017,93595
28S-rRNA,4018,91234
28S-rRNA,4019,90290
28S-rRNA,4020,89606
28S-rRNA,4021,85478
28S-rRNA,4022,75171
28S-rRNA,4023,72272
28S-rRNA,4024,93342
28S-rRNA,4025,85674
28S-rRNA,4026,74812
28S-rRNA,4027,78783
28S-rRNA,4028,76292
28S-rRNA,4029,71309
28S-rRNA,4030,70680
28S-rRNA,4031,69014
28S-rRNA,4032,68327
28S-rRNA,4033,69507
28S-rRNA,4034,71124
28S-rRNA,4035,71167
28S-rRNA,4036,70823
28S-rRNA,4037,70198
28S-rRNA,4038,69520
28S-rRNA,4039,69236
28S-rRNA,4040,68780
28S-rRNA,4041,70563
28S-rRNA,4042,72341
28S-rRNA,4043,74637
28S-rRNA,4044,75602
28S-rRNA,4045,78014
28S-rRNA,4046,79858
28S-rRNA,4047,80534
28S-rRNA,4048,83110
28S-rRNA,4049,86485
28S-rRNA,4050,86925
28S-rRNA,4051,85123
28S-rRNA,4052,86855
28S-rRNA,4053,87108
28S-rRNA,4054,85224
28S-rRNA,4055,85231
28S-rRNA,4056,86271
28S-rRNA,4057,87124
28S-rRNA,4058,87774
28S-rRNA,4059,88722
28S-rRNA,4060,90340
28S-rRNA,4061,90380
28S-rRNA,4062,91391
28S-rRNA,4063,91807
28S-rRNA,4064,69756
28S-rRNA,4065,68214
28S-rRNA,4066,67680
28S-rRNA,4067,60835
28S-rRNA,4068,59746
28S-rRNA,4069,58655
28S-rRNA,4070,57054
28S-rRNA,4071,55763
28S-rRNA,4072,54120
28S-rRNA,4073,52415
28S-rRNA,4074,51096
28S-rRNA,4075,49427
28S-rRNA,4076,47876
28S-rRNA,4077,45564
28S-rRNA,4078,43572
28S-rRNA,4079,41291
28S-rRNA,4080,37379
28S-rRNA,4081,35948
28S-rRNA,4082,34773
28S-rRNA,4083,33059
28S-rRNA,4084,32440
28S-rRNA,4085,31903
28S-rRNA,4086,31482
28S-rRNA,4087,30977
28S-rRNA,4088,30462
28S-rRNA,4089,30294
28S-rRNA,4090,30763
28S-rRNA,4091,30191
28S-rRNA,4092,31173
28S-rRNA,4093,32737
28S-rRNA,4094,33358
28S-rRNA,4095,34296
28S-rRNA,4096,35072
28S-rRNA,4097,37406
28S-rRNA,4098,38561
28S-rRNA,4099,39283
28S-rRNA,4100,43967
28S-rRNA,4101,45349
28S-rRNA,4102,46168
28S-rRNA,4103,49565
28S-rRNA,4104,51406
28S-rRNA,4105,51803
28S-rRNA,4106,52582
28S-rRNA,4107,53524
28S-rRNA,4108,53699
28S-rRNA,4109,52296
28S-rRNA,4110,52211
28S-rRNA,4111,53447
28S-rRNA,4112,52073
28S-rRNA,4113,52695
28S-rRNA,4114,53369
28S-rRNA,4115,51391
28S-rRNA,4116,50964
28S-rRNA,4117,51189
28S-rRNA,4118,50964
28S-rRNA,4119,50508
28S-rRNA,4120,47585
28S-rRNA,4121,43617
28S-rRNA,4122,42653
28S-rRNA,4123,39887
28S-rRNA,4124,37103
28S-rRNA,4125,42910
28S-rRNA,4126,43461
28S-rRNA,4127,45366
28S-rRNA,4128,47735
28S-rRNA,4129,48149
28S-rRNA,4130,48331
28S-rRNA,4131,48127
28S-rRNA,4132,47345
28S-rRNA,4133,46935
28S-rRNA,4134,47274
28S-rRNA,4135,46585
28S-rRNA,4136,47389
28S-rRNA,4137,48297
28S-rRNA,4138,48325
28S-rRNA,4139,48806
28S-rRNA,4140,47861
28S-rRNA,4141,47500
28S-rRNA,4142,45577
28S-rRNA,4143,36992
28S-rRNA,4144,36559
28S-rRNA,4145,36197
28S-rRNA,4146,33651
28S-rRNA,4147,34201
28S-rRNA,4148,34390
28S-rRNA,4149,33746
28S-rRNA,4150,33095
28S-rRNA,4151,32304
28S-rRNA,4152,31634
28S-rRNA,4153,30911
28S-rRNA,4154,29565
28S-rRNA,4155,29770
28S-rRNA,4156,31320
28S-rRNA,4157,31689
28S-rRNA,4158,31774
28S-rRNA,4159,32854
28S-rRNA,4160,33205
28S-rRNA,4161,33180
28S-rRNA,4162,33337
28S-rRNA,4163,34259
28S-rRNA,4164,34722
28S-rRNA,4165,37875
28S-rRNA,4166,38321
28S-rRNA,4167,38050
28S-rRNA,4168,38219
28S-rRNA,4169,37626
28S-rRNA,4170,37032
28S-rRNA,4171,36175
28S-rRNA,4172,34986
28S-rRNA,4173,34183
28S-rRNA,4174,34538
28S-rRNA,4175,35034
28S-rRNA,4176,41356
28S-rRNA,4177,42534
28S-rRNA,4178,43520
28S-rRNA,4179,51389
28S-rRNA,4180,51371
28S-rRNA,4181,51000
28S-rRNA,4182,50374
28S-rRNA,4183,50057
28S-rRNA,4184,49937
28S-rRNA,4185,49693
28S-rRNA,4186,48722
28S-rRNA,4187,48652
28S-rRNA,4188,48675
28S-rRNA,4189,45610
28S-rRNA,4190,45267
28S-rRNA,4191,57277
28S-rRNA,4192,56991
28S-rRNA,4193,57918
28S-rRNA,4194,57829
28S-rRNA,4195,53410
28S-rRNA,4196,51583
28S-rRNA,4197,49500
28S-rRNA,4198,43677
28S-rRNA,4199,43315
28S-rRNA,4200,54453
28S-rRNA,4201,56872
28S-rRNA,4202,59876
28S-rRNA,4203,64396
28S-rRNA,4204,66864
28S-rRNA,4205,68590
28S-rRNA,4206,73795
28S-rRNA,4207,75233
28S-rRNA,4208,78334
28S-rRNA,4209,82359
28S-rRNA,4210,86484
28S-rRNA,4211,90531
28S-rRNA,4212,93416
28S-rRNA,4213,95169
28S-rRNA,4214,98611
28S-rRNA,4215,101292
28S-rRNA,4216,101967
28S-rRNA,4217,103628
28S-rRNA,4218,105841
28S-rRNA,4219,106517
28S-rRNA,4220,107057
28S-rRNA,4221,107816
28S-rRNA,4222,107934
28S-rRNA,4223,108287
28S-rRNA,4224,108881
28S-rRNA,4225,109776
28S-rRNA,4226,110677
28S-rRNA,4227,110912
28S-rRNA,4228,111274
28S-rRNA,4229,111121
28S-rRNA,4230,110258
28S-rRNA,4231,110885
28S-rRNA,4232,110599
28S-rRNA,4233,108783
28S-rRNA,4234,108207
28S-rRNA,4235,108031
28S-rRNA,4236,107349
28S-rRNA,4237,106188
28S-rRNA,4238,95218
28S-rRNA,4239,93346
28S-rRNA,4240,91465
28S-rRNA,4241,85870
28S-rRNA,4242,83510
28S-rRNA,4243,81762
28S-rRNA,4244,77980
28S-rRNA,4245,76637
28S-rRNA,4246,73708
28S-rRNA,4247,70968
28S-rRNA,4248,71162
28S-rRNA,4249,67661
28S-rRNA,4250,123682
28S-rRNA,4251,134806
28S-rRNA,4252,150233
28S-rRNA,4253,149448
28S-rRNA,4254,152372
28S-rRNA,4255,152940
28S-rRNA,4256,164056
28S-rRNA,4257,168345
28S-rRNA,4258,170609
28S-rRNA,4259,172060
28S-rRNA,4260,173992
28S-rRNA,4261,173971
28S-rRNA,4262,172277
28S-rRNA,4263,165440
28S-rRNA,4264,166401
28S-rRNA,4265,168663
28S-rRNA,4266,166461
28S-rRNA,4267,161554
28S-rRNA,4268,158689
28S-rRNA,4269,152220
28S-rRNA,4270,152600
28S-rRNA,4271,152332
28S-rRNA,4272,150639
28S-rRNA,4273,145649
28S-rRNA,4274,144439
28S-rRNA,4275,139506
28S-rRNA,4276,134751
28S-rRNA,4277,126357
28S-rRNA,4278,125825
28S-rRNA,4279,125266
28S-rRNA,4280,124030
28S-rRNA,4281,124005
28S-rRNA,4282,124694
28S-rRNA,4283,124009
28S-rRNA,4284,122626
28S-rRNA,4285,119368
28S-rRNA,4286,118763
28S-rRNA,4287,118762
28S-rRNA,4288,114067
28S-rRNA,4289,111483
28S-rRNA,4290,109122
28S-rRNA,4291,106883
28S-rRNA,4292,105119
28S-rRNA,4293,102294
28S-rRNA,4294,101435
28S-rRNA,4295,99886
28S-rRNA,4296,100569
28S-rRNA,4297,100249
28S-rRNA,4298,99375
28S-rRNA,4299,96858
28S-rRNA,4300,94018
28S-rRNA,4301,93847
28S-rRNA,4302,93584
28S-rRNA,4303,94687
28S-rRNA,4304,94325
28S-rRNA,4305,92513
28S-rRNA,4306,89313
28S-rRNA,4307,88675
28S-rRNA,4308,80717
28S-rRNA,4309,81134
28S-rRNA,4310,81009
28S-rRNA,4311,84812
28S-rRNA,4312,87649
28S-rRNA,4313,90146
28S-rRNA,4314,93840
28S-rRNA,4315,95517
28S-rRNA,4316,96790
28S-rRNA,4317,100268
28S-rRNA,4318,100528
28S-rRNA,4319,105444
28S-rRNA,4320,104381
28S-rRNA,4321,108823
28S-rRNA,4322,115713
28S-rRNA,4323,116269
28S-rRNA,4324,116099
28S-rRNA,4325,114909
28S-rRNA,4326,116270
28S-rRNA,4327,118288
28S-rRNA,4328,118849
28S-rRNA,4329,117335
28S-rRNA,4330,115764
28S-rRNA,4331,129050
28S-rRNA,4332,128206
28S-rRNA,4333,126468
28S-rRNA,4334,116669
28S-rRNA,4335,113820
28S-rRNA,4336,119340
28S-rRNA,4337,119261
28S-rRNA,4338,119297
28S-rRNA,4339,117887
28S-rRNA,4340,121921
28S-rRNA,4341,122958
28S-rRNA,4342,130130
28S-rRNA,4343,131534
28S-rRNA,4344,134572
28S-rRNA,4345,139375
28S-rRNA,4346,139566
28S-rRNA,4347,141570
28S-rRNA,4348,142843
28S-rRNA,4349,144128
28S-rRNA,4350,144865
28S-rRNA,4351,142562
28S-rRNA,4352,140734
28S-rRNA,4353,125235
28S-rRNA,4354,125553
28S-rRNA,4355,124530
28S-rRNA,4356,123025
28S-rRNA,4357,120077
28S-rRNA,4358,113843
28S-rRNA,4359,110078
28S-rRNA,4360,109218
28S-rRNA,4361,104482
28S-rRNA,4362,97284
28S-rRNA,4363,90283
28S-rRNA,4364,84823
28S-rRNA,4365,80708
28S-rRNA,4366,73651
28S-rRNA,4367,68767
28S-rRNA,4368,64689
28S-rRNA,4369,59092
28S-rRNA,4370,56654
28S-rRNA,4371,52900
28S-rRNA,4372,50545
28S-rRNA,4373,50190
28S-rRNA,4374,48090
28S-rRNA,4375,47284
28S-rRNA,4376,46492
28S-rRNA,4377,46200
28S-rRNA,4378,45520
28S-rRNA,4379,48197
28S-rRNA,4380,48894
28S-rRNA,4381,47699
28S-rRNA,4382,47722
28S-rRNA,4383,51047
28S-rRNA,4384,53988
28S-rRNA,4385,56982
28S-rRNA,4386,58862
28S-rRNA,4387,59220
28S-rRNA,4388,64080
28S-rRNA,4389,64733
28S-rRNA,4390,68140
28S-rRNA,4391,70902
28S-rRNA,4392,71237
28S-rRNA,4393,72591
28S-rRNA,4394,73196
28S-rRNA,4395,74484
28S-rRNA,4396,75721
28S-rRNA,4397,77033
28S-rRNA,4398,79758
28S-rRNA,4399,80766
28S-rRNA,4400,83106
28S-rRNA,4401,84295
28S-rRNA,4402,85631
28S-rRNA,4403,86227
28S-rRNA,4404,83215
28S-rRNA,4405,78276
28S-rRNA,4406,78296
28S-rRNA,4407,79188
28S-rRNA,4408,81286
28S-rRNA,4409,82621
28S-rRNA,4410,78304
28S-rRNA,4411,77776
28S-rRNA,4412,80612
28S-rRNA,4413,80690
28S-rRNA,4414,84033
28S-rRNA,4415,84204
28S-rRNA,4416,87834
28S-rRNA,4417,89585
28S-rRNA,4418,89117
28S-rRNA,4419,89629
28S-rRNA,4420,87018
28S-rRNA,4421,86282
28S-rRNA,4422,86836
28S-rRNA,4423,86599
28S-rRNA,4424,86133
28S-rRNA,4425,82423
28S-rRNA,4426,80898
28S-rRNA,4427,79882
28S-rRNA,4428,79062
28S-rRNA,4429,78265
28S-rRNA,4430,75978
28S-rRNA,4431,74146
28S-rRNA,4432,71851
28S-rRNA,4433,71926
28S-rRNA,4434,70294
28S-rRNA,4435,69253
28S-rRNA,4436,67699
28S-rRNA,4437,67358
28S-rRNA,4438,72730
28S-rRNA,4439,72400
28S-rRNA,4440,71801
28S-rRNA,4441,70869
28S-rRNA,4442,71059
28S-rRNA,4443,74515
28S-rRNA,4444,74782
28S-rRNA,4445,74677
28S-rRNA,4446,73792
28S-rRNA,4447,72704
28S-rRNA,4448,67635
28S-rRNA,4449,67177
28S-rRNA,4450,66383
28S-rRNA,4451,65637
28S-rRNA,4452,64824
28S-rRNA,4453,62974
28S-rRNA,4454,60772
28S-rRNA,4455,59220
28S-rRNA,4456,61200
28S-rRNA,4457,59862
28S-rRNA,4458,62467
28S-rRNA,4459,63317
28S-rRNA,4460,64258
28S-rRNA,4461,68468
28S-rRNA,4462,69587
28S-rRNA,4463,73611
28S-rRNA,4464,72389
28S-rRNA,4465,70201
28S-rRNA,4466,70112
28S-rRNA,4467,70026
28S-rRNA,4468,75350
28S-rRNA,4469,74093
28S-rRNA,4470,79133
28S-rRNA,4471,114440
28S-rRNA,4472,115433
28S-rRNA,4473,118977
28S-rRNA,4474,119393
28S-rRNA,4475,122523
28S-rRNA,4476,142544
28S-rRNA,4477,145172
28S-rRNA,4478,147387
28S-rRNA,4479,149622
28S-rRNA,4480,150788
28S-rRNA,4481,150875
28S-rRNA,4482,151695
28S-rRNA,4483,152132
28S-rRNA,4484,154068
28S-rRNA,4485,154712
28S-rRNA,4486,152522
28S-rRNA,4487,151843
28S-rRNA,4488,151879
28S-rRNA,4489,151436
28S-rRNA,4490,149934
28S-rRNA,4491,147394
28S-rRNA,4492,146739
28S-rRNA,4493,146398
28S-rRNA,4494,144935
28S-rRNA,4495,143188
28S-rRNA,4496,141899
28S-rRNA,4497,141264
28S-rRNA,4498,140590
28S-rRNA,4499,138632
28S-rRNA,4500,131765
28S-rRNA,4501,121841
28S-rRNA,4502,97879
28S-rRNA,4503,96923
28S-rRNA,4504,95446
28S-rRNA,4505,91319
28S-rRNA,4506,85581
28S-rRNA,4507,74015
28S-rRNA,4508,71131
28S-rRNA,4509,64924
28S-rRNA,4510,62337
28S-rRNA,4511,61688
28S-rRNA,4512,58941
28S-rRNA,4513,54270
28S-rRNA,4514,48459
28S-rRNA,4515,43367
28S-rRNA,4516,35814
28S-rRNA,4517,34218
28S-rRNA,4518,30747
28S-rRNA,4519,40595
28S-rRNA,4520,52348
28S-rRNA,4521,85127
28S-rRNA,4522,94782
28S-rRNA,4523,107814
28S-rRNA,4524,118786
28S-rRNA,4525,136675
28S-rRNA,4526,170466
28S-rRNA,4527,179848
28S-rRNA,4528,193651
28S-rRNA,4529,196578
28S-rRNA,4530,201725
28S-rRNA,4531,200765
28S-rRNA,4532,200592
28S-rRNA,4533,199193
28S-rRNA,4534,198372
28S-rRNA,4535,197870
28S-rRNA,4536,196951
28S-rRNA,4537,196235
28S-rRNA,4538,193000
28S-rRNA,4539,189580
28S-rRNA,4540,184891
28S-rRNA,4541,177703
28S-rRNA,4542,160892
28S-rRNA,4543,153397
28S-rRNA,4544,132694
28S-rRNA,4545,117630
28S-rRNA,4546,94178
28S-rRNA,4547,71988
28S-rRNA,4548,66383
28S-rRNA,4549,50038
28S-rRNA,4550,40975
28S-rRNA,4551,20134
28S-rRNA,4552,16169
28S-rRNA,4553,17005
28S-rRNA,4554,39564
28S-rRNA,4555,46017
28S-rRNA,4556,42175
28S-rRNA,4557,41769
28S-rRNA,4558,45331
28S-rRNA,4559,66471
28S-rRNA,4560,76521
28S-rRNA,4561,82411
28S-rRNA,4562,83275
28S-rRNA,4563,86199
28S-rRNA,4564,86260
28S-rRNA,4565,88361
28S-rRNA,4566,88749
28S-rRNA,4567,89176
28S-rRNA,4568,89065
28S-rRNA,4569,82962
28S-rRNA,4570,81299
28S-rRNA,4571,80693
28S-rRNA,4572,80144
28S-rRNA,4573,77438
28S-rRNA,4574,70935
28S-rRNA,4575,68266
28S-rRNA,4576,66889
28S-rRNA,4577,66017
28S-rRNA,4578,63664
28S-rRNA,4579,62605
28S-rRNA,4580,59451
28S-rRNA,4581,45020
28S-rRNA,4582,38790
28S-rRNA,4583,36616
28S-rRNA,4584,34975
28S-rRNA,4585,34884
28S-rRNA,4586,27885
28S-rRNA,4587,26933
28S-rRNA,4588,25883
28S-rRNA,4589,26722
28S-rRNA,4590,35983
28S-rRNA,4591,56614
28S-rRNA,4592,65821
28S-rRNA,4593,93941
28S-rRNA,4594,118168
28S-rRNA,4595,141304
28S-rRNA,4596,157368
28S-rRNA,4597,163231
28S-rRNA,4598,205055
28S-rRNA,4599,239541
28S-rRNA,4600,267813
28S-rRNA,4601,279231
28S-rRNA,4602,280794
28S-rRNA,4603,285224
28S-rRNA,4604,287192
28S-rRNA,4605,289050
28S-rRNA,4606,291475
28S-rRNA,4607,291660
28S-rRNA,4608,291468
28S-rRNA,4609,287155
28S-rRNA,4610,277538
28S-rRNA,4611,257841
28S-rRNA,4612,250687
28S-rRNA,4613,239956
28S-rRNA,4614,222878
28S-rRNA,4615,199190
28S-rRNA,4616,164535
28S-rRNA,4617,144888
28S-rRNA,4618,124921
28S-rRNA,4619,108877
28S-rRNA,4620,106316
28S-rRNA,4621,107158
28S-rRNA,4622,102224
28S-rRNA,4623,98390
28S-rRNA,4624,102120
28S-rRNA,4625,108809
28S-rRNA,4626,112052
28S-rRNA,4627,116741
28S-rRNA,4628,117466
28S-rRNA,4629,123529
28S-rRNA,4630,123325
28S-rRNA,4631,124059
28S-rRNA,4632,125631
28S-rRNA,4633,124622
28S-rRNA,4634,127899
28S-rRNA,4635,129091
28S-rRNA,4636,127929
28S-rRNA,4637,124361
28S-rRNA,4638,119631
28S-rRNA,4639,108702
28S-rRNA,4640,99578
28S-rRNA,4641,91804
28S-rRNA,4642,88087
28S-rRNA,4643,85579
28S-rRNA,4644,79049
28S-rRNA,4645,71999
28S-rRNA,4646,67552
28S-rRNA,4647,70917
28S-rRNA,4648,71865
28S-rRNA,4649,71585
28S-rRNA,4650,67787
28S-rRNA,4651,65202
28S-rRNA,4652,70936
28S-rRNA,4653,71889
28S-rRNA,4654,66931
28S-rRNA,4655,64216
28S-rRNA,4656,63646
28S-rRNA,4657,65121
28S-rRNA,4658,65132
28S-rRNA,4659,61885
28S-rRNA,4660,61695
28S-rRNA,4661,58525
28S-rRNA,4662,52238
28S-rRNA,4663,49433
28S-rRNA,4664,47032
28S-rRNA,4665,44247
28S-rRNA,4666,42870
28S-rRNA,4667,40217
28S-rRNA,4668,38402
28S-rRNA,4669,34035
28S-rRNA,4670,30447
28S-rRNA,4671,27485
28S-rRNA,4672,28899
28S-rRNA,4673,29497
28S-rRNA,4674,28330
28S-rRNA,4675,28370
28S-rRNA,4676,28048
28S-rRNA,4677,30813
28S-rRNA,4678,32708
28S-rRNA,4679,33771
28S-rRNA,4680,35026
28S-rRNA,4681,36299
28S-rRNA,4682,38283
28S-rRNA,4683,40729
28S-rRNA,4684,46782
28S-rRNA,4685,49030
28S-rRNA,4686,51567
28S-rRNA,4687,52969
28S-rRNA,4688,54963
28S-rRNA,4689,57565
28S-rRNA,4690,59717
28S-rRNA,4691,60979
28S-rRNA,4692,61391
28S-rRNA,4693,61774
28S-rRNA,4694,62494
28S-rRNA,4695,62811
28S-rRNA,4696,63359
28S-rRNA,4697,64902
28S-rRNA,4698,65192
28S-rRNA,4699,65428
28S-rRNA,4700,66917
28S-rRNA,4701,74556
28S-rRNA,4702,79199
28S-rRNA,4703,80038
28S-rRNA,4704,80047
28S-rRNA,4705,82700
28S-rRNA,4706,89125
28S-rRNA,4707,91664
28S-rRNA,4708,95672
28S-rRNA,4709,97911
28S-rRNA,4710,99403
28S-rRNA,4711,100833
28S-rRNA,4712,104160
28S-rRNA,4713,106760
28S-rRNA,4714,108161
28S-rRNA,4715,109016
28S-rRNA,4716,109940
28S-rRNA,4717,112088
28S-rRNA,4718,111982
28S-rRNA,4719,112464
28S-rRNA,4720,112974
28S-rRNA,4721,111741
28S-rRNA,4722,124423
28S-rRNA,4723,146656
28S-rRNA,4724,152296
28S-rRNA,4725,171186
28S-rRNA,4726,178471
28S-rRNA,4727,194524
28S-rRNA,4728,221430
28S-rRNA,4729,227618
28S-rRNA,4730,242119
28S-rRNA,4731,249144
28S-rRNA,4732,251805
28S-rRNA,4733,252612
28S-rRNA,4734,255872
28S-rRNA,4735,256404
28S-rRNA,4736,256505
28S-rRNA,4737,262528
28S-rRNA,4738,262833
28S-rRNA,4739,265621
28S-rRNA,4740,264278
28S-rRNA,4741,261136
28S-rRNA,4742,263406
28S-rRNA,4743,263514
28S-rRNA,4744,266425
28S-rRNA,4745,268808
28S-rRNA,4746,286034
28S-rRNA,4747,284778
28S-rRNA,4748,285495
28S-rRNA,4749,285683
28S-rRNA,4750,284578
28S-rRNA,4751,290794
28S-rRNA,4752,286645
28S-rRNA,4753,285109
28S-rRNA,4754,283583
28S-rRNA,4755,278669
28S-rRNA,4756,275748
28S-rRNA,4757,272302
28S-rRNA,4758,271218
28S-rRNA,4759,271140
28S-rRNA,4760,279248
28S-rRNA,4761,280259
28S-rRNA,4762,293830
28S-rRNA,4763,291795
28S-rRNA,4764,292543
28S-rRNA,4765,304361
28S-rRNA,4766,303115
28S-rRNA,4767,322799
28S-rRNA,4768,320530
28S-rRNA,4769,316331
28S-rRNA,4770,312346
28S-rRNA,4771,308218
28S-rRNA,4772,309380
28S-rRNA,4773,308225
28S-rRNA,4774,306556
28S-rRNA,4775,322988
28S-rRNA,4776,317710
28S-rRNA,4777,311443
28S-rRNA,4778,311801
28S-rRNA,4779,312801
28S-rRNA,4780,324315
28S-rRNA,4781,319815
28S-rRNA,4782,315637
28S-rRNA,4783,314207
28S-rRNA,4784,310226
28S-rRNA,4785,304152
28S-rRNA,4786,300433
28S-rRNA,4787,294673
28S-rRNA,4788,290899
28S-rRNA,4789,285770
28S-rRNA,4790,274598
28S-rRNA,4791,267550
28S-rRNA,4792,261493
28S-rRNA,4793,256381
28S-rRNA,4794,251005
28S-rRNA,4795,239639
28S-rRNA,4796,231504
28S-rRNA,4797,226644
28S-rRNA,4798,220024
28S-rRNA,4799,215112
28S-rRNA,4800,203196
28S-rRNA,4801,193118
28S-rRNA,4802,185679
28S-rRNA,4803,159815
28S-rRNA,4804,97403
28S-rRNA,4805,93207
28S-rRNA,4806,89464
28S-rRNA,4807,85452
28S-rRNA,4808,65636
5S-rRNA,1,46619
5S-rRNA,2,48588
5S-rRNA,3,53565
5S-rRNA,4,57899
5S-rRNA,5,62527
5S-rRNA,6,66074
5S-rRNA,7,66098
5S-rRNA,8,66106
5S-rRNA,9,66118
5S-rRNA,10,66131
5S-rRNA,11,66163
5S-rRNA,12,66260
5S-rRNA,13,66270
5S-rRNA,14,66272
5S-rRNA,15,66282
5S-rRNA,16,66264
5S-rRNA,17,66126
5S-rRNA,18,66029
5S-rRNA,19,65854
5S-rRNA,20,64902
5S-rRNA,21,47166
5S-rRNA,22,44819
5S-rRNA,23,44073
5S-rRNA,24,43148
5S-rRNA,25,42103
5S-rRNA,26,41324
5S-rRNA,27,40822
5S-rRNA,28,39878
5S-rRNA,29,38056
5S-rRNA,30,35253
5S-rRNA,31,33783
5S-rRNA,32,31953
5S-rRNA,33,30812
5S-rRNA,34,29473
5S-rRNA,35,27827
5S-rRNA,36,26929
5S-rRNA,37,26238
5S-rRNA,38,25165
5S-rRNA,39,22633
5S-rRNA,40,18659
5S-rRNA,41,17249
5S-rRNA,42,17118
5S-rRNA,43,17018
5S-rRNA,44,16988
5S-rRNA,45,17019
5S-rRNA,46,17032
5S-rRNA,47,16965
5S-rRNA,48,17093
5S-rRNA,49,17229
5S-rRNA,50,17356
5S-rRNA,51,17265
5S-rRNA,52,17138
5S-rRNA,53,17017
5S-rRNA,54,16797
5S-rRNA,55,16273
5S-rRNA,56,15877
5S-rRNA,57,15720
5S-rRNA,58,16798
5S-rRNA,59,17425
5S-rRNA,60,18815
5S-rRNA,61,21582
5S-rRNA,62,21804
5S-rRNA,63,22070
5S-rRNA,64,22163
5S-rRNA,65,22580
5S-rRNA,66,23169
5S-rRNA,67,23444
5S-rRNA,68,24354
5S-rRNA,69,25254
5S-rRNA,70,26073
5S-rRNA,71,26495
5S-rRNA,72,26547
5S-rRNA,73,25740
5S-rRNA,74,102192
5S-rRNA,75,105987
5S-rRNA,76,117049
5S-rRNA,77,130214
5S-rRNA,78,158067
5S-rRNA,79,197661
5S-rRNA,80,293660
5S-rRNA,81,298308
5S-rRNA,82,302950
5S-rRNA,83,359358
5S-rRNA,84,491076
5S-rRNA,85,513608
5S-rRNA,86,521623
5S-rRNA,87,526274
5S-rRNA,88,531805
5S-rRNA,89,536011
5S-rRNA,90,536081
5S-rRNA,91,538076
5S-rRNA,92,540017
5S-rRNA,93,545833
5S-rRNA,94,544148
5S-rRNA,95,543324
5S-rRNA,96,623860
5S-rRNA,97,686291
5S-rRNA,98,814018
5S-rRNA,99,836788
5S-rRNA,100,830666
5S-rRNA,101,825438
5S-rRNA,102,812164
5S-rRNA,103,817525
5S-rRNA,104,820984
5S-rRNA,105,820494
5S-rRNA,106,826060
5S-rRNA,107,818102
5S-rRNA,108,802034
5S-rRNA,109,798926
5S-rRNA,110,796436
5S-rRNA,111,793371
5S-rRNA,112,781729
5S-rRNA,113,774705
5S-rRNA,114,754219
5S-rRNA,115,678802
5S-rRNA,116,667897
5S-rRNA,117,651896
5S-rRNA,118,624563
5S-rRNA,119,609873
5S-rRNA,120,519472
5S-rRNA,121,206561
5S-rRNA,122,3497
5S-rRNA,123,905
5S-rRNA,124,389
5S-rRNA,125,252
5S-rRNA,126,196
5S-rRNA,127,182
5S-rRNA,128,167
5S-rRNA,129,143
5S-rRNA,130,119
5S-rRNA,131,107
5S-rRNA,132,82
5S-rRNA,133,40
5S-rRNA,134,16
5S-rRNA,135,6
5S-rRNA,136,6
5S-rRNA,137,6
8S-rRNA,1,1873234
8S-rRNA,2,3116597
8S-rRNA,3,3156332
8S-rRNA,4,3186027
8S-rRNA,5,3210461
8S-rRNA,6,3232266
8S-rRNA,7,3252302
8S-rRNA,8,3282027
8S-rRNA,9,3317737
8S-rRNA,10,3335628
8S-rRNA,11,3360101
8S-rRNA,12,3378376
8S-rRNA,13,3393179
8S-rRNA,14,3407600
8S-rRNA,15,3410508
8S-rRNA,16,3392107
8S-rRNA,17,3360884
8S-rRNA,18,3339220
8S-rRNA,19,3310516
8S-rRNA,20,3289866
8S-rRNA,21,3283684
8S-rRNA,22,3277304
8S-rRNA,23,3271512
8S-rRNA,24,3263616
8S-rRNA,25,3250967
8S-rRNA,26,3230301
8S-rRNA,27,3199862
8S-rRNA,28,3164286
8S-rRNA,29,3135953
8S-rRNA,30,3073932
8S-rRNA,31,3037951
8S-rRNA,32,2987516
8S-rRNA,33,2880448
8S-rRNA,34,2639665
8S-rRNA,35,2391944
8S-rRNA,36,2347652
8S-rRNA,37,2278952
8S-rRNA,38,2220628
8S-rRNA,39,2151839
8S-rRNA,40,2109040
8S-rRNA,41,2096506
8S-rRNA,42,2076926
8S-rRNA,43,2034075
8S-rRNA,44,1991019
8S-rRNA,45,1923585
8S-rRNA,46,1867156
8S-rRNA,47,1828013
8S-rRNA,48,1809639
8S-rRNA,49,1795144
8S-rRNA,50,1755098
8S-rRNA,51,1673031
8S-rRNA,52,1567215
8S-rRNA,53,1561537
8S-rRNA,54,1548135
8S-rRNA,55,1518110
8S-rRNA,56,1494806
8S-rRNA,57,1453758
8S-rRNA,58,1368423
8S-rRNA,59,1287429
8S-rRNA,60,1178395
8S-rRNA,61,1060527
8S-rRNA,62,963064
8S-rRNA,63,857992
8S-rRNA,64,786161
8S-rRNA,65,775148
8S-rRNA,66,768974
8S-rRNA,67,763625
8S-rRNA,68,756593
8S-rRNA,69,746805
8S-rRNA,70,736057
8S-rRNA,71,726333
8S-rRNA,72,718624
8S-rRNA,73,733647
8S-rRNA,74,778868
8S-rRNA,75,793670
8S-rRNA,76,717018
8S-rRNA,77,626559
8S-rRNA,78,622622
8S-rRNA,79,598262
8S-rRNA,80,527703
8S-rRNA,81,431714
8S-rRNA,82,404336
8S-rRNA,83,397070
8S-rRNA,84,389379
8S-rRNA,85,387155
8S-rRNA,86,394455
8S-rRNA,87,393831
8S-rRNA,88,385290
8S-rRNA,89,386492
8S-rRNA,90,389442
8S-rRNA,91,391458
8S-rRNA,92,391155
8S-rRNA,93,395558
8S-rRNA,94,404750
8S-rRNA,95,404173
8S-rRNA,96,402028
8S-rRNA,97,399073
8S-rRNA,98,401057
8S-rRNA,99,399059
8S-rRNA,100,395084
8S-rRNA,101,391491
8S-rRNA,102,390924
8S-rRNA,103,389905
8S-rRNA,104,383763
8S-rRNA,105,378565
8S-rRNA,106,374333
8S-rRNA,107,368283
8S-rRNA,108,364580
8S-rRNA,109,361137
8S-rRNA,110,356949
8S-rRNA,111,352243
8S-rRNA,112,344850
8S-rRNA,113,335865
8S-rRNA,114,332026
8S-rRNA,115,326506
8S-rRNA,116,317103
8S-rRNA,117,306123
8S-rRNA,118,292372
8S-rRNA,119,278711
8S-rRNA,120,260301
8S-rRNA,121,243864
8S-rRNA,122,221793
8S-rRNA,123,211685
8S-rRNA,124,222083
8S-rRNA,125,219951
8S-rRNA,126,232063
8S-rRNA,127,239302
8S-rRNA,128,242902
8S-rRNA,129,244723
8S-rRNA,130,250693
8S-rRNA,131,257725
8S-rRNA,132,269469
8S-rRNA,133,275157
8S-rRNA,134,273670
8S-rRNA,135,272201
8S-rRNA,136,271615
8S-rRNA,137,269967
8S-rRNA,138,269419
8S-rRNA,139,268597
8S-rRNA,140,267285
8S-rRNA,141,265791
8S-rRNA,142,267129
8S-rRNA,143,264363
8S-rRNA,144,261652
8S-rRNA,145,259661
8S-rRNA,146,258008
8S-rRNA,147,255591
8S-rRNA,148,251046
8S-rRNA,149,243926
8S-rRNA,150,238262
8S-rRNA,151,235323
8S-rRNA,152,231318
8S-rRNA,153,227356
8S-rRNA,154,221487
8S-rRNA,155,216596
8S-rRNA,156,198843
